AA,codon,codon-AA,codon_freq,RSCU,translation_error1,error_rate1,codon_total1,RMR1,translation_error2,error_rate2,codon_total2,RMR2,translation_error3,error_rate3,codon_total3,RMR3,mean_error_rate,std_dev,Std.Err.,mean_codon_total,RMR,SE_RMR,mean_translation_error,trans_sdev,trans_serr
K,AAA,"AAA, K",44507,1.53647253771533,0.00171204122005464,0.000911960715538408,42765,1.0888899541409,0.00191676125431695,0.00134611686492129,36401,1.30622254270077,0.00182552537160431,0.00101648972215948,35416,1.157403882756,0.00109152243420639,0.000226595060448325,0.00013082471914688,38194,1.19235354640348,0.162102707788629,0.00181810928199196,0.000102561307986706,5.92137987745651E-05
N,AAC,"AAC, N",28565,1.09983828738642,,0.00275106986050131,35986,0.966637506576404,,0.00524137189549511,37204,1.1889937355412,,0.00378736274215961,36701,1.21582099839231,0.00392660149938534,0.00125097627076172,0.000722251486674111,36630.3333333333,1.13602389825025,0.262259722520118,,,
K,AAG,"AAG, K",13427,0.463527462284669,,0.000763067531476536,10484,0.911110045859099,,0.000714966634890372,8392,0.693777457299234,,0.000740009866798224,8108,0.842596117244005,0.000739348011055044,2.40572775447846E-05,1.38894756664509E-05,8994.66666666667,0.807646453596524,0.0540009696244245,,,
N,AAU,"AAT, N",23379,0.900161712613584,,0.00294097052027169,14281,1.0333624934236,,0.00357511172224132,14545,0.811006264458801,,0.0024427694025684,14328,0.784179001607691,0.0029862838816938,0.000567529521499183,0.000327663322010613,14384.6666666667,0.863976101749751,0.153343206256927,,,
T,ACA,"ACA, T",9135,0.5160360971063,,0.00330891042306783,4231,1.21877173824834,,0.00108483402039488,4609,0.758223563484995,,0.00129785853341986,4623,0.937932955634302,0.00189720099229419,0.00122720719460441,0.000708528404156299,4487.66666666667,1.02932424553588,0.455070438395136,,,
T,ACC,"ACC, T",30885,1.74469347116892,,0.00254532085183404,35359,0.937518615603188,,0.00125951634572324,35728,0.880314365117585,,0.00146392274992258,35521,1.05794380227032,0.00175625331582662,0.000690953093057007,0.000398921954273867,35536,0.952853243607628,0.312529684047068,,,
T,ACG,"ACG, T",19019,1.07438319987572,,0.00134544231416078,11892,0.495567077461795,,0.00110558319513543,12663,0.772725794163038,,0.000928792569659443,12920,0.671217345804548,0.00112660602631855,0.000209118918253401,0.000120734863746245,12491.6666666667,0.611238821172143,0.158769453925117,,,
T,ACU,"ACT, T",11770,0.664887231849059,,0.00366014640585623,16666,1.34814256868668,,0.00227309628186394,18477,1.58873627723438,,0.00184439973172367,17892,1.33290589629083,0.00259254747314795,0.000949089455143951,0.000547957052412396,17678.3333333333,1.40658368968435,0.44626158679471,,,
R,AGA,"AGA, R",2502,0.207873492390988,,0,207,0,,0.00326797385620915,306,3.16759676533347,,0,307,0,0.00108932461873638,0.00188676558558701,0.00108932461873638,273.333333333333,1.13243646419785,1.18787083656042,,,
S,AGC,"AGC, S",21161,1.66911184729453,,0.000130386596257905,15339,0.649748397595886,,0.00011719207781554,17066,0.654057033488295,,0.000118856599512688,16827,0.579917076169771,0.000122145091195377,7.18571237886796E-06,4.14867297625864E-06,16410.6666666667,0.626594946047609,0.0333181948242893,,,
R,AGG,"AGG, R",1365,0.113408200285251,,0,252,0,,0,142,0,,0.00675675675675676,148,4.65585421244736,0.00225225225225225,0.00390101533236234,0.00225225225225225,180.666666666667,2.34138890570637,2.45600321613168,,,
S,AGU,"AGT, S",11524,0.908976179208077,,0,4332,0,,0.000400721298337007,4991,2.2364530822503,,0.000418672807201172,4777,2.04276002526873,0.000273131368512726,0.000236708940508911,0.000136663970522411,4700,1.4011429640131,0.70341530152178,,,
I,AUA,"ATA, I",5499,0.208656387943792,,0,1222,0,,0.00144927536231884,1380,0.656245379782266,,0,1389,0,0.000483091787439614,0.000836739520564675,0.000483091787439614,1330.33333333333,0.314025356884373,0.32539588466646,,,
I,AUC,"ATC, I",33294,1.26332165488282,,0.00145642851363379,49436,1.88846460123102,,0.00332311855772675,50254,1.50473902798405,,0.00324162243202723,49358,1.98204342027471,0.00267372316779592,0.00105499531321935,0.000609101828080984,49682.6666666667,1.73800692499266,0.6160163025238,,,
M,AUG,"ATG, M",36830,1,,0.00231369183117513,26797,1,,0.00169742497020477,27689,1,,0.00155425431938119,27666,1,0.00185512370692037,0.000403531909830205,0.000232979256767073,27384,1,0.177606713472797,,,
I,AUU,"ATT, I",40270,1.52802195717339,,0.000857242358488039,37329,1.11153539876898,,0.00185291152347475,36699,0.839015592233682,,0.0016648630650129,36039,1.01795657972529,0.00145833898232523,0.000528988108631776,0.000305411426916667,36689,0.947967718122964,0.325067883073802,,,
Q,CAA,"CAA, Q",20367,0.696212483762904,,0.000735955515577725,12229,0.602581599994839,,0.00311804008908686,13470,0.919570635044836,,0.00262743037309511,13321,0.922410843842533,0.0021604753259199,0.00125782232087817,0.000726204055551733,13006.6666666667,0.868761868757545,0.370308018864633,,,
H,CAC,"CAC, H",12729,0.856220361214812,,0.00101928806648895,12754,1.67781131980144,,0.00085332321987295,10547,1.15249061849623,,0.000499151442547669,10017,0.984244483033983,0.000790587576303188,0.000265682795118241,0.000153392033280569,11106,1.27853080505391,0.284689400739117,,,
Q,CAG,"CAG, Q",38141,1.3037875162371,,0.00170671951991632,36327,1.39741840000516,,0.00366347286980581,39034,1.08042936495516,,0.00306944622074434,39095,1.07758915615747,0.00281321287015549,0.00100322607897793,0.000579212846755961,38152,1.13123813124246,0.377049770472443,,,
H,CAU,"CAT, H",17004,1.14377963878519,,0.000195733020160501,10218,0.322188680198557,,0.000627510040160643,7968,0.847509381503773,,0.00051513200257566,7765,1.01575551696602,0.000446125020965601,0.00022400741367921,0.000129330740588164,8650.33333333333,0.721469194946091,0.223512906177034,,,
P,CCA,"CCA, P",11087,0.763462333011982,,0.00198663536210944,11074,1.1358713922965,,0.00170771166636707,11126,1.09466556544792,,0.00143820224719101,11125,0.958620554335566,0.00171084975855584,0.000274230024070529,0.000158326778216997,11108.3333333333,1.06721107231853,0.110653250346518,,,
P,CCC,"CCC, P",7145,0.492012119542763,,0,3357,0,,0.000548696844993141,3645,0.351721870801345,,0.00108254397834912,3695,0.721559788023219,0.000543746941114087,0.000541288963887399,0.000312513329009764,3565.66666666667,0.339183936633993,0.195586771725155,,,
P,CCG,"CCG, P",30672,2.11210577055502,,0.00241575664949343,40567,1.38122421519569,,0.00230567342834016,40769,1.47796689387359,,0.00224248398225727,40580,1.49470718903319,0.00232130468669695,8.76875503201341E-05,5.06264307819083E-05,40638.6666666667,1.44800678813494,0.0747087991093687,,,
P,CCU,"CCT, P",9184,0.632419776890236,,0.0025935949481281,8868,1.48290439250781,,0.00167804004922251,8939,1.07564566987714,,0.00123790231825343,8886,0.825112468608027,0.00183651243853468,0.000691600137583022,0.00039929552560514,8897.66666666667,1.14559820291253,0.254771363463701,,,
R,CGA,"CGA, R",4537,0.376947256186217,,0.00140449438202247,712,3.48628803562489,,0,784,0,,0,778,0,0.000468164794007491,0.000810885209535991,0.000468164794007491,758,0.486693199500762,0.510517522454339,,,
R,CGC,"CGC, R",29039,2.41264522203913,,0.000569044006069803,15816,1.41250213279491,,0.00120234811514251,14139,1.16541752410105,,0.000578285383836924,13834,0.398477041169414,0.000783225835016413,0.000362999951844811,0.000209578119913423,14596.3333333333,0.814223308661896,0.337583582143892,,,
R,CGG,"CGG, R",6958,0.57809103119764,,0,1142,0,,0,1155,0,,0,1144,0,0,0,0,1147,0,0,,,
R,CGU,"CGT, R",27816,2.31103479790077,,0.00044363604099197,22541,1.1012098315802,,0.00171981035604722,21514,1.66698571056547,,0.00137239127348445,21131,0.945668746383231,0.00117861255684122,0.000659786225886546,0.000380927755123205,21728.6666666667,1.22525812193312,0.554430880566214,,,
L,CUA,"CTA, L",5097,0.217289669823721,,0.00217202432667246,2302,2.41184522831855,,0.00123456790123457,2430,0.710626733403668,,0.000827814569536424,2416,0.506077889351355,0.00141146893248115,0.000689344216583419,0.000397993069008749,2382.66666666667,0.990827779945357,0.334180151706676,,,
L,CUC,"CTC, L",14631,0.62373261902901,,0.000666444518493835,12004,0.740029019072217,,0.00166389351081531,12020,0.957749840361017,,0.00171174255391989,11684,1.04646027103122,0.00134736019440968,0.000590175398515096,0.000340737925201785,11902.6666666667,0.945824509128198,0.296393173982324,,,
L,CUG,"CTG, L",70119,2.98923569911115,,0.00101361293064926,91751,1.12552952567232,,0.00246795890265862,94410,1.42057603426834,,0.00259310881332858,92553,1.58527656241013,0.00202489354887882,0.000878027329665909,0.000506929315138461,92904.6666666667,1.42144168638162,0.442523888767213,,,
L,CUU,"CTT, L",14510,0.618574280781282,,0.00020451988955926,9779,0.227101655203571,,0.00140344311377246,10688,0.807832598320974,,0.00142517814726841,10525,0.87127138765288,0.00101104705020004,0.000698557548494559,0.000403312388667779,10330.6666666667,0.709738259990634,0.312100669765502,,,
E,GAA,"GAA, E",52501,1.38377195872485,,0.00224376097077005,65515,1.08752036287483,,0.0034538053533983,64856,1.0886750518477,,0.00337880510294303,63336,0.890697273973435,0.00302545714237046,0.000678006591349332,0.000391447288027878,64569,1.00523398706088,0.21327355743463,,,
D,GAC,"GAC, D",25175,0.742537753657386,,0.00203414269897263,38837,1.22728792539904,,0.00228937728937729,41496,1.18982041405385,,0.0022515907978463,40860,1.18641963052268,0.00219170359539874,0.000137753518276323,7.95320308586532E-05,40397.6666666667,1.19997591294725,0.0707397232452575,,,
E,GAG,"GAG, E",23380,0.616228041275155,,0.0018826187226432,21247,0.912479637125171,,0.00289116479639339,20407,0.911324948152297,,0.00420807138511458,19724,1.10930272602657,0.00299395163471706,0.00116612879732397,0.000673264775044768,20459.3333333333,0.994766012939123,0.279317790526583,,,
D,GAU,"GAT, D",42633,1.25746224634261,,0.00128071546409655,46068,0.772712074600957,,0.00155889638677714,46828,0.810179585946155,,0.00154401530967293,45984,0.813580369477317,0.00146120905351554,0.000156489020317587,9.03489780055798E-05,46293.3333333333,0.800024087052748,0.0618743337120195,,,
A,GCA,"GCA, A",26699,0.85316674122835,,0.00214669051878354,27950,1.05363627781432,,0.00147132586523993,29905,1.24073094514715,,0.00147502744237102,29152,1.0868554474334,0.00169768127546483,0.000388857815734165,0.00022450716459061,29002.3333333333,1.11191709082911,0.23976628927916,,,
A,GCC,"GCC, A",33683,1.07634051255832,,0.00112116291657002,25866,0.550287948775995,,0.000331043614996276,24166,0.279160495321192,,0.000455864069622876,24130,0.335897714934958,0.000636023533729722,0.000424753107181446,0.000245231320770338,24720.6666666667,0.41657138330042,0.175590283341278,,,
A,GCG,"GCG, A",44634,1.42627979804435,,0.00212020868570884,41977,1.0406384936501,,0.00110092621401048,41783,0.928382525120469,,0.00129635065062127,40884,0.955199697265809,0.0015058285167802,0.000540966654781745,0.000312327243760852,41548,0.986260782788757,0.264695209467934,,,
A,GCU,"GCT, A",20160,0.644212948168978,,0.00276158330776312,29331,1.3554372797596,,0.00184012066365007,33150,1.55172603441119,,0.00220136362246614,32707,1.62204714036583,0.00226768919795978,0.00046429803208432,0.000268062593808095,31729.3333333333,1.48525074308171,0.307926836638656,,,
G,GGA,"GGA, G",10294,0.424643689540664,,0,4679,0,,0,5011,0,,0,4874,0,0,0,0,4854.66666666667,0,0,,,
G,GGC,"GGC, G",39203,1.61718540519357,,0.000625390869293308,41574,1.16106839602195,,0.00020703933747412,43470,0.963232018936908,,0.000304186068278073,42737,0.908043470342193,0.000378872091681834,0.000218947488254069,0.000126409391281879,42593.6666666667,1.04413999134641,0.441894189798897,,,
G,GGG,"GGG, G",14504,0.598312810675907,,0.000664982045484772,7519,1.2345713294581,,0.00024330900243309,8220,1.1319733945171,,0.000730905104153977,8209,2.1818672072124,0.00054639871735728,0.000264544880664313,0.000152735058064279,7982.66666666667,1.50582944624019,0.575232550705829,,,
G,GGU,"GGT, G",32965,1.35985809458986,,0.000864162929745889,42816,1.60436027451995,,0.00040942099252268,46407,1.904794586546,,0.000304871409594739,45921,0.910089322445405,0.000526151777287769,0.000297357206423775,0.000171679263174242,45048,1.4500305624134,0.605301002802362,,,
V,GUA,"GTA, V",14416,0.616918616469279,,0.0045942686498593,17413,1.1614351404842,,0.0023679314427468,17737,1.42834229873497,,0.00327661531386526,17396,1.79779459568509,0.00341293846882378,0.00111941160520908,0.00064629259160145,17515.3333333333,1.37691120476442,0.486800401684639,,,
V,GUC,"GTC, V",20134,0.861614832407913,,0.00245593759029182,13844,0.620863174879503,,0.000804343454655138,14919,0.485182027762529,,0.00133849947164495,14195,0.734400253294301,0.00153292683886397,0.000842788406458088,0.000486584113338473,14319.3333333333,0.618441896857086,0.269495555657895,,,
V,GUG,"GTG, V",34638,1.48229932278461,,0.00365552091172992,27903,0.924118889692705,,0.00155329985911931,27683,0.936954445279698,,0.00092397531137968,27057,0.506961502107276,0.00204426536074297,0.00143042674909854,0.000825857268648083,27547.6666666667,0.824735607287067,0.414293777288577,,,
V,GUU,"GTT, V",24283,1.0391672283382,,0.00511700281285535,33418,1.29358279494359,,0.00190569687869951,34633,1.14952122822281,,0.00175120952183076,33691,0.960843648913334,0.00292463640446187,0.00190021562917137,0.00109709000502043,33914,1.17991129109143,0.565681127250205,,,
Y,UAC,"TAC, Y",16073,0.860969011972038,,0.000517129928894635,15470,1.34898792240037,,0.000956083880425776,15689,1.23288675924115,,0.00109282591925945,15556,1.07648882688348,0.000855346576193287,0.000300778110371339,0.000173654322989239,15571.6666666667,1.18032736326453,0.38391719991499,,,
Y,UAU,"TAT, Y",21264,1.13903098802796,,0.000249563264287497,12021,0.65101207759963,,0.000594883997620464,11767,0.76711324075885,,0.000937526634279383,11733,0.923511173116518,0.000593991298729115,0.000343982553767093,0.000198598420013966,11840.3333333333,0.819672636735471,0.344228600208839,,,
S,UCA,"TCA, S",9240,0.728821580690961,,0.000229357798165138,4360,1.14294617783524,,0,4629,0,,0,4527,0,7.64525993883792E-05,0.000132419786511382,7.64525993883792E-05,4505.33333333333,0.392195968909914,0.392524057116343,,,
S,UCC,"TCC, S",11328,0.89351632749645,,0.000230114290097415,13037,1.146715962728,,0.000289100896212778,13836,1.61349195338411,,0.000503054257994969,13915,2.45446828907514,0.000340756481435054,0.000143615044937748,8.2916184854489E-05,13596,1.74805460465571,0.431323905141568,,,
S,UCG,"TCG, S",11671,0.920571067991797,,0.000157703832203123,6341,0.785876886194866,,0.000143740117866897,6957,0.802223467982697,,0,6911,0,0.000100481316690006,8.72990124934638E-05,5.04021083630898E-05,6736.33333333333,0.51546144502408,0.25941753004453,,,
S,UCU,"TCT, S",11144,0.879002997318189,,0.00045647212259537,15335,2.27471257564601,,0.000124308533780844,16089,0.693774462894601,,0.000189143181388311,15861,0.922854609486357,0.000256641279254842,0.000176068615446468,0.000101653262523863,15761.6666666667,1.31655007134959,0.524247766171455,,,
C,UGC,"TGC, C",8348,1.11032785795039,,0.000257731958762887,3880,0.247199132634622,,0.0113149847094801,3270,1.47574216418907,,0.00506555423122765,3356,1.51130365138884,0.00554609029982355,0.00554426692929076,0.00320098400408516,3502,1.37942945971341,1.03803865818592,,,
W,UGG,"TGG, W",20066,1,,0.000394581086413258,7603,1,,0.000630040322580645,7936,1,,0.000917070614437312,7633,1,0.000647230674477072,0.00026166860314612,0.000151074438464886,7724,1,0.330101041607091,,,
C,UGU,"TGT, C",6689,0.889672142049611,,0.00182748538011696,2736,1.75280086736538,,0.00401965163019205,2239,0.524257835810925,,0.00163800163800164,2442,0.488696348611162,0.00249504621610355,0.00132374176999613,0.000764262667244817,2472.33333333333,0.620570540286588,0.35486041571663,,,
L,UUA,"TTA, L",18338,0.781765345345772,,0.000805616296466797,8689,0.894567246153185,,0.00170854271356784,9950,0.983450263212916,,0.00152006485610053,9868,0.929279626575452,0.00134474128871172,0.000476311655994459,0.000274998662806557,9502.33333333333,0.943986080765463,0.26035191868316,,,
F,UUC,"TTC, F",21828,0.853489736070381,,0.00347271106105401,21309,1.1538286301868,,0.00332926943636875,21326,1.20876845586779,,0.00335120643431635,20888,1.12251065984872,0.00338439564391304,7.72658892935721E-05,4.46094819828197E-05,21174.3333333333,1.16043709608308,0.0358222622700672,,,
L,UUG,"TTG, L",18048,0.769402385909068,,0.000541174348335889,11087,0.600927325580154,,0.00194536073754546,11823,1.11976453043308,,0.00173656334114787,11517,1.06163426297897,0.00140769947567641,0.000757659841498795,0.000437435113443498,11475.6666666667,0.988181683788725,0.357399852514571,,,
F,UUU,"TTT, F",29322,1.14651026392962,,0.00254674619663561,14921,0.846171369813198,,0.0021792618629174,14225,0.791231544132211,,0.0026197060107699,13742,0.87748934015128,0.0024485713567743,0.000236064580635734,0.000136291949176177,14296,0.839562903916916,0.0522787924028169,,,
