aa,cgroup,codon
T,AC-T,ACT
T,AC-T,ACC
T,AC-T,ACA
T,AC-T,ACG
A,GC-A,GCT
A,GC-A,GCC
A,GC-A,GCA
A,GC-A,GCG
G,GG-G,GGT
G,GG-G,GGC
G,GG-G,GGA
G,GG-G,GGG
V,GT-V,GTT
V,GT-V,GTC
V,GT-V,GTA
V,GT-V,GTG
P,CC-P,CCT
P,CC-P,CCC
P,CC-P,CCA
P,CC-P,CCG
R,CG-R,CGT
R,CG-R,CGC
R,CG-R,CGA
R,CG-R,CGG
R,AG-R,AGA
R,AG-R,AGG
S,AG-S,AGC
S,AG-S,AGT
S,TC-S,TCG
S,TC-S,TCA
S,TC-S,TCC
S,TC-S,TCT
L,CT-L,CTG
L,CT-L,CTA
L,CT-L,CTC
L,CT-L,CTT
L,TT-L,TTG
L,TT-L,TTA
F,TT-F,TTT
F,TT-F,TTC
I,AT-I,ATT
I,AT-I,ATC
I,AT-I,ATA
M,AT-M,ATG
K,AA-K,AAA
K,AA-K,AAG
N,AA-N,AAT
N,AA-N,AAC
H,CA-H,CAT
H,CA-H,CAC
Q,CA-Q,CAA
Q,CA-Q,CAG
E,GA-E,GAA
E,GA-E,GAG
D,GA-D,GAT
D,GA-D,GAC
Y,TA-Y,TAT
Y,TA-Y,TAC
C,TG-C,TGT
C,TG-C,TGC
W,TG-W,TGG
