abundance,locus_id,gene_symbol,level,wild_AA,mut_AA,psm_count,rate
30.2,PLFEKH_00005,dnaA,2,362,0,21,0
200,PLFEKH_00015,dnaN,3,1081,0,55,0
335,PLFEKH_00025,gyrB,3,8587,13,475,0.00151162790697674
234,PLFEKH_00035,yidB,3,472,0,18,0
167,PLFEKH_00040,yidA,3,1382,1,85,0.000723065798987708
14,PLFEKH_00080,yidR,1,45,0,3,0
195,PLFEKH_00090,ibpA,3,147,0,12,0
3.47,PLFEKH_00100,yidE,1,256,0,16,0
353,PLFEKH_00190,ilvB,3,1290,0,57,0
1.37,PLFEKH_00220,adeD,1,512,0,16,0
196,PLFEKH_00245,nlpA,3,70,0,5,0
22.6,PLFEKH_00275,yicH,1,733,0,47,0
8.37,PLFEKH_00290,recG,1,20,0,2,0
14.6,PLFEKH_00295,trmH,1,192,0,16,0
23.3,PLFEKH_00300,spoT,1,757,0,38,0
1514,PLFEKH_00305,rpoZ,4,99,0,7,0
123,PLFEKH_00310,gmk,2,899,0,71,0
293,PLFEKH_00330,yicC,3,1250,1,77,0.000799360511590727
22.1,PLFEKH_00345,pyrE,1,253,0,16,0
20.8,PLFEKH_00350,slmA,1,70,0,5,0
284,PLFEKH_00355,dut,3,1780,0,60,0
136,PLFEKH_00360,dfp,3,3794,0,159,0
4182,PLFEKH_00370,rpmB,4,301,2,31,0.0066006600660066
2527,PLFEKH_00375,rpmG,4,418,1,31,0.00238663484486874
49.3,PLFEKH_00385,coaD,2,100,0,5,0
5.52,PLFEKH_00395,waaQ,1,560,0,20,0
3.28,PLFEKH_00400,waaG,1,95,0,8,0
7.27,PLFEKH_00430,waaY,1,30,0,3,0
10.5,PLFEKH_00440,waaU,1,150,0,15,0
1.34,PLFEKH_00450,waaC,1,72,0,6,0
6.23,PLFEKH_00455,waaF,1,642,0,34,0
790,PLFEKH_00460,hldD,4,5041,9,347,0.00178217821782178
8.44,PLFEKH_00465,yibB,1,222,0,16,0
231,PLFEKH_00470,kbl,3,4071,12,231,0.00293901542983101
156,PLFEKH_00475,tdh,3,4002,10,210,0.00249252243270189
526,PLFEKH_00495,gpmM,4,7072,29,302,0.00408393184058583
465,PLFEKH_00500,yibN,4,989,2,69,0.00201816347124117
803,PLFEKH_00505,grxC,4,1253,1,65,0.000797448165869218
2107,PLFEKH_00510,secB,4,2762,12,112,0.00432588320115357
128,PLFEKH_00515,gpsA,3,3705,4,152,0.00107845780533837
131,PLFEKH_00520,cysE,3,288,0,27,0
89.2,PLFEKH_00530,lldD,2,1852,0,101,0
303,PLFEKH_00545,yibL,3,102,0,8,0
383,PLFEKH_00560,mtlD,3,8471,10,402,0.001179106237472
226,PLFEKH_00565,mtlA,3,3959,3,188,0.000757193336698637
15.9,PLFEKH_00605,selA,1,1339,0,91,0
35.2,PLFEKH_00610,selB,2,1031,8,63,0.00769971126082772
834,PLFEKH_00620,aldB,4,609,0,21,0
25,PLFEKH_00695,yiaJ,2,255,0,15,0
42.1,PLFEKH_00710,avtA,2,602,1,47,0.00165837479270315
206,PLFEKH_00745,xylF,3,243,0,11,0
1.96,PLFEKH_00755,xylB,1,168,0,8,0
439,PLFEKH_00780,glyQ,3,2750,5,160,0.00181488203266788
756,PLFEKH_00785,glyS,4,15896,26,930,0.00163296068333124
813,PLFEKH_00815,cspA,4,383,0,21,0
312,PLFEKH_00825,yiaF,3,2012,4,103,0.00198412698412698
450,PLFEKH_00830,ghrB,4,2778,2,145,0.000719424460431655
83.5,PLFEKH_00835,yiaD,2,1994,2,77,0.00100200400801603
2354,PLFEKH_00880,dppA,4,3236,3,162,0.000926211793763507
70.5,PLFEKH_00975,dctA,2,136,0,8,0
99.7,PLFEKH_00980,yhjJ,2,1753,0,94,0
165,PLFEKH_00985,kdgK,3,2105,3,97,0.00142314990512334
69,PLFEKH_01025,yhjA,2,84,0,6,0
1699,PLFEKH_01030,gadA,4,260,0,20,0
10.7,PLFEKH_01050,mdtF,1,1306,0,65,0
45.3,PLFEKH_01055,mdtE,2,3068,1,155,0.000325839035516455
5773,PLFEKH_01080,hdeA,4,2186,8,74,0.00364630811303555
1401,PLFEKH_01085,hdeB,4,594,3,37,0.0050251256281407
602,PLFEKH_01100,slp,4,2709,6,122,0.00220994475138122
185,PLFEKH_01145,gor,3,3545,3,152,0.00084554678692221
25.6,PLFEKH_01150,rlmJ,2,453,0,32,0
417,PLFEKH_01155,prlC,3,3850,6,247,0.00155601659751037
45935,PLFEKH_01175,uspA,4,8596,11,292,0.00127802951086325
55.8,PLFEKH_01190,pitA,2,476,0,22,0
69.9,PLFEKH_01220,yhiI,2,205,2,18,0.00966183574879227
56.5,PLFEKH_01255,nikR,2,300,0,16,0
4.81,PLFEKH_01260,nikE,1,383,0,24,0
1.03,PLFEKH_01265,nikD,1,866,0,47,0
7.17,PLFEKH_01280,nikA,1,5333,3,250,0.000562218890554723
315,PLFEKH_01300,dcrB,3,1194,2,60,0.00167224080267559
31.9,PLFEKH_01315,zntA,2,2350,3,106,0.00127496812579685
294,PLFEKH_01340,ftsY,3,3762,5,235,0.00132731616671091
156,PLFEKH_01345,ftsE,3,1246,0,56,0
33.9,PLFEKH_01350,ftsX,2,260,0,10,0
23.9,PLFEKH_01365,panM,1,363,0,27,0
430,PLFEKH_01395,ugpB,3,952,2,54,0.00209643605870021
41.8,PLFEKH_01415,ugpQ,2,797,2,31,0.00250312891113892
106,PLFEKH_01470,yhhX,2,861,0,48,0
158,PLFEKH_01475,yhhW,3,22,0,2,0
86.4,PLFEKH_01480,gntR,2,1051,0,59,0
1717,PLFEKH_01500,asd,4,5501,14,221,0.00253853127833182
75.9,PLFEKH_01510,glgB,2,404,1,29,0.00246913580246914
15.1,PLFEKH_01515,glgX,1,240,0,12,0
296,PLFEKH_01520,glgC,3,2304,0,132,0
303,PLFEKH_01525,glgA,3,1630,0,106,0
130,PLFEKH_01530,glgP,3,2674,0,111,0
674,PLFEKH_01540,glpD,4,10344,10,601,0.000965810314854163
53.8,PLFEKH_01575,malT,2,758,0,43,0
179,PLFEKH_01580,malP,3,7491,8,432,0.00106680890785438
14.6,PLFEKH_01585,malQ,1,1813,1,86,0.000551267916207277
903,PLFEKH_01595,nfuA,4,1520,0,101,0
27,PLFEKH_01605,bioH,2,892,0,47,0
119,PLFEKH_01630,yhgF,2,3394,3,179,0.000883132175448925
497,PLFEKH_01640,ompR,4,1332,5,85,0.0037397157816006
4.54,PLFEKH_01645,envZ,1,116,5,5,0.0413223140495868
1219,PLFEKH_01650,pck,4,20376,145,1005,0.0070659324594318
276,PLFEKH_01660,hslO,3,2314,1,122,0.000431965442764579
5.91,PLFEKH_01670,yrfG,1,75,0,5,0
5.07,PLFEKH_01675,yrfF,1,66,2,2,0.0294117647058823
37.8,PLFEKH_01680,nudE,2,462,0,21,0
6.16,PLFEKH_01685,mrcA,1,560,5,27,0.00884955752212389
203,PLFEKH_01715,aroK,3,1037,0,75,0
171,PLFEKH_01720,aroB,3,2309,0,127,0
175,PLFEKH_01725,damX,3,341,1,18,0.00292397660818713
591,PLFEKH_01735,rpe,4,3341,0,140,0
140,PLFEKH_01740,gph,3,885,0,42,0
631,PLFEKH_01745,trpS,4,4103,3,219,0.000730638090599123
14,PLFEKH_01820,cysG,1,701,2,39,0.00284495021337127
0.21,PLFEKH_01830,nirD,1,59,1,4,0.0166666666666667
21.4,PLFEKH_01835,nirB,1,1240,0,77,0
723,PLFEKH_01845,ppiA,4,2732,3,114,0.00109689213893967
57.4,PLFEKH_01855,fic,2,23,1,1,0.0416666666666667
329,PLFEKH_01870,argD,3,441,0,22,0
1133,PLFEKH_01880,crp,4,2224,6,189,0.00269058295964126
172,PLFEKH_01885,yhfA,3,22,0,2,0
34.5,PLFEKH_01890,prkB,2,60,0,4,0
21.9,PLFEKH_01905,yheS,1,1230,2,82,0.00162337662337662
1323,PLFEKH_01925,slyD,4,3179,4,132,0.00125667609173736
729,PLFEKH_01935,fkpA,4,4662,8,268,0.00171306209850107
237,PLFEKH_01940,yheO,3,390,0,24,0
21.3,PLFEKH_01945,tusD,1,464,0,16,0
2492,PLFEKH_01960,rpsL,4,1491,7,92,0.00467289719626168
5543,PLFEKH_01965,rpsG,4,3778,11,254,0.00290314067036157
3698,PLFEKH_01970,fusA,4,40219,108,1825,0.00267810647952984
10296,PLFEKH_01975,tufA,4,64526,570,3264,0.00875629839007005
1015,PLFEKH_01990,bfr,4,283,2,19,0.00701754385964912
3843,PLFEKH_02065,rpsJ,4,2073,0,156,0
3328,PLFEKH_02070,rplC,4,7243,44,381,0.00603815013036915
3240,PLFEKH_02075,rplD,4,4939,19,248,0.00383219039935458
1038,PLFEKH_02080,rplW,4,226,0,20,0
4159,PLFEKH_02085,rplB,4,4890,17,310,0.00346443855716324
2580,PLFEKH_02090,rpsS,4,2311,4,168,0.00172786177105832
5469,PLFEKH_02095,rplV,4,4849,3,274,0.000618301731244847
4539,PLFEKH_02100,rpsC,4,5340,23,331,0.00428864441543912
2804,PLFEKH_02105,rplP,4,2005,19,133,0.00938735177865613
3482,PLFEKH_02110,rpmC,4,576,0,40,0
1834,PLFEKH_02115,rpsQ,4,1348,0,68,0
3455,PLFEKH_02120,rplN,4,2609,5,157,0.00191277735271614
3445,PLFEKH_02125,rplX,4,2902,6,195,0.00206327372764787
4001,PLFEKH_02130,rplE,4,7177,20,429,0.00277893566763929
3871,PLFEKH_02135,rpsN,4,661,0,47,0
2692,PLFEKH_02140,rpsH,4,2276,1,113,0.000439174352217831
4110,PLFEKH_02145,rplF,4,6555,7,333,0.0010667479427004
3768,PLFEKH_02150,rplR,4,1260,5,86,0.00395256916996047
5130,PLFEKH_02155,rpsE,4,5287,2,313,0.000378143316316884
2808,PLFEKH_02160,rpmD,4,1248,4,107,0.00319488817891374
3470,PLFEKH_02165,rplO,4,1509,4,124,0.00264375413086583
244,PLFEKH_02170,secY,3,518,0,31,0
4873,PLFEKH_02180,rpsM,4,3495,5,200,0.00142857142857143
2323,PLFEKH_02185,rpsK,4,1088,1,63,0.000918273645546373
4591,PLFEKH_02190,rpsD,4,8271,13,518,0.00156929019797199
1905,PLFEKH_02195,rpoA,4,12926,8,668,0.000618524818308335
4028,PLFEKH_02200,rplQ,4,2092,4,149,0.00190839694656489
213,PLFEKH_02220,mscL,3,1103,1,51,0.000905797101449275
21.7,PLFEKH_02225,trkA,1,208,1,13,0.00478468899521531
45,PLFEKH_02230,rsmB,2,994,1,55,0.00100502512562814
185,PLFEKH_02235,fmt,3,4059,1,191,0.000246305418719212
252,PLFEKH_02240,def,3,806,1,59,0.00123915737298637
98.7,PLFEKH_02260,tsaC,2,403,0,26,0
42.8,PLFEKH_02265,aroE,2,1042,0,57,0
175,PLFEKH_02275,yrdA,3,1979,2,112,0.00100959111559818
387,PLFEKH_02380,fis,3,288,0,12,0
111,PLFEKH_02390,prmA,2,969,0,57,0
0.54,PLFEKH_02395,panF,1,114,0,6,0
459,PLFEKH_02405,accC,4,4824,4,316,0.000828500414250207
609,PLFEKH_02410,accB,4,1073,0,50,0
401,PLFEKH_02415,acuI,3,1564,5,99,0.00318674314850223
850,PLFEKH_02425,mreB,4,5058,6,306,0.00118483412322275
45.5,PLFEKH_02445,rng,2,790,0,52,0
119,PLFEKH_02470,tldD,2,2074,1,95,0.000481927710843374
25.6,PLFEKH_02505,argR,2,829,0,35,0
6597,PLFEKH_02510,mdh,4,28048,63,1170,0.00224111557753193
395,PLFEKH_02520,degQ,3,3483,1,168,0.000287026406429391
700,PLFEKH_02525,yhcB,4,208,0,14,0
17.6,PLFEKH_02530,zapE,1,190,0,12,0
3383,PLFEKH_02535,rplM,4,2440,8,148,0.00326797385620915
3209,PLFEKH_02540,rpsI,4,1622,3,134,0.00184615384615385
972,PLFEKH_02545,sspA,4,3980,5,204,0.00125470514429109
161,PLFEKH_02550,sspB,3,378,0,30,0
17.6,PLFEKH_02560,nanR,1,236,0,14,0
69,PLFEKH_02565,nanA,2,4970,1,259,0.00020116676725005
0.027,PLFEKH_02570,nanT,1,224,0,8,0
25,PLFEKH_02575,nanE,2,1758,0,60,0
4.23,PLFEKH_02580,nanK,1,1582,0,79,0
41.9,PLFEKH_02585,yhcH,2,522,0,20,0
388,PLFEKH_02630,gltD,3,630,2,33,0.00316455696202532
345,PLFEKH_02635,gltB,3,1545,0,86,0
51.8,PLFEKH_02645,arcB,2,970,2,53,0.00205761316872428
477,PLFEKH_02665,elbB,4,403,0,19,0
74.2,PLFEKH_02685,yhbJ,2,1778,4,93,0.00224466891133558
269,PLFEKH_02690,ptsN,3,705,2,44,0.00282885431400283
1891,PLFEKH_02695,hpf,4,525,0,21,0
53.4,PLFEKH_02700,rpoN,2,814,2,24,0.00245098039215686
256,PLFEKH_02705,lptB,3,2366,2,140,0.000844594594594595
164,PLFEKH_02710,lptA,3,527,0,33,0
16.4,PLFEKH_02715,lptC,1,254,0,9,0
84.4,PLFEKH_02720,kdsC,2,980,0,55,0
94.6,PLFEKH_02725,kdsD,2,1081,0,57,0
58.5,PLFEKH_02735,mlaF,2,988,0,46,0
119,PLFEKH_02745,mlaD,2,1218,4,60,0.00327332242225859
628,PLFEKH_02750,mlaC,4,1711,5,117,0.00291375291375291
154,PLFEKH_02755,mlaB,3,272,0,16,0
222,PLFEKH_02760,ibaG,3,186,0,15,0
155,PLFEKH_02765,murA,3,2102,1,124,0.000475511174512601
44.9,PLFEKH_02775,ispB,2,542,1,28,0.00184162062615101
2248,PLFEKH_02780,rplU,4,3054,5,154,0.001634521085322
2186,PLFEKH_02785,rpmA,4,1145,3,82,0.00261324041811847
296,PLFEKH_02795,obgE,3,1996,0,105,0
742,PLFEKH_02805,greA,4,2173,1,140,0.000459981600735971
676,PLFEKH_02810,yhbY,4,171,0,19,0
53.6,PLFEKH_02815,rlmE,2,698,0,36,0
471,PLFEKH_02820,ftsH,4,3799,2,243,0.000526177321757432
33.4,PLFEKH_02825,folP,2,1671,3,74,0.0017921146953405
512,PLFEKH_02830,glmM,4,4525,3,262,0.000662544169611307
261,PLFEKH_02835,secG,3,48,0,4,0
571,PLFEKH_02850,argG,4,591,0,36,0
96.4,PLFEKH_02860,rimP,2,382,1,21,0.00261096605744125
888,PLFEKH_02865,nusA,4,11703,7,504,0.000597779675491033
741,PLFEKH_02870,infB,4,14323,17,741,0.00118549511854951
580,PLFEKH_02880,rbfA,4,246,0,15,0
14.3,PLFEKH_02885,truB,1,210,0,12,0
3140,PLFEKH_02890,rpsO,4,1665,0,55,0
1296,PLFEKH_02900,pnp,4,6138,10,368,0.00162654521795706
21.4,PLFEKH_02905,nlpI,1,40,0,4,0
81.8,PLFEKH_02915,deaD,2,3859,1,201,0.000259067357512953
19.5,PLFEKH_02925,yhbW,1,156,1,9,0.00636942675159236
0.218,PLFEKH_02930,yhbV,1,162,0,11,0
379,PLFEKH_02945,yhbS,3,1197,1,73,0.000834724540901503
135,PLFEKH_02960,yhbO,3,494,0,20,0
11.5,PLFEKH_02965,yraR,1,54,0,5,0
193,PLFEKH_02975,yraP,3,959,0,65,0
39.3,PLFEKH_02980,diaA,2,621,2,21,0.00321027287319422
75.4,PLFEKH_02990,lpoA,2,5016,9,256,0.0017910447761194
78.2,PLFEKH_02995,rsmI,2,1354,0,68,0
14.3,PLFEKH_03060,agaV,1,90,0,9,0
29.9,PLFEKH_03065,kbaZ,2,352,0,16,0
1.92,PLFEKH_03085,garD,1,2481,0,127,0
5.03,PLFEKH_03095,garL,1,188,0,15,0
100,PLFEKH_03100,garR,2,5745,11,256,0.00191104933981932
2.2,PLFEKH_03105,garK,1,294,3,11,0.0101010101010101
5.98,PLFEKH_03125,tdcA,1,921,0,61,0
40,PLFEKH_03130,tdcB,2,6311,12,357,0.00189783330697454
2.46,PLFEKH_03135,tdcC,1,276,0,14,0
11.5,PLFEKH_03140,tdcD,1,989,3,58,0.0030241935483871
133,PLFEKH_03145,tdcE,3,11031,50,594,0.00451222813825467
301,PLFEKH_03150,tdcF,3,2438,12,88,0.00489795918367347
11.6,PLFEKH_03155,tdcG,1,1908,3,111,0.00156985871271586
18.9,PLFEKH_03180,yhaJ,1,196,0,12,0
161,PLFEKH_03195,yqjG,3,687,1,38,0.00145348837209302
1896,PLFEKH_03215,yqjD,4,1090,3,66,0.00274473924977127
48.9,PLFEKH_03220,yqjC,2,18,0,2,0
26.3,PLFEKH_03240,exuR,2,145,0,9,0
340,PLFEKH_03250,uxaC,3,4064,5,252,0.00122880314573605
126,PLFEKH_03275,ygjR,3,1024,0,58,0
2.67,PLFEKH_03290,rlmG,1,20,1,1,0.0476190476190476
24.2,PLFEKH_03305,fadH,1,174,0,8,0
2.17,PLFEKH_03345,ebgR,1,279,0,18,0
67.1,PLFEKH_03365,yqjI,2,3298,1,112,0.000303122158229767
90.4,PLFEKH_03370,yqjH,2,254,0,15,0
157,PLFEKH_03380,mug,3,699,0,48,0
596,PLFEKH_03385,rpoD,4,6628,4,308,0.00060313630880579
5.65,PLFEKH_03390,dnaG,1,186,0,13,0
5808,PLFEKH_03395,rpsU,4,529,2,46,0.00376647834274953
20.3,PLFEKH_03400,tsaD,1,1522,1,75,0.000656598818122127
20.1,PLFEKH_03435,folB,1,369,0,21,0
16.7,PLFEKH_03450,cca,1,299,1,17,0.00333333333333333
153,PLFEKH_03455,ygiM,3,348,0,20,0
53.5,PLFEKH_03460,ygiF,2,2428,1,99,0.000411692054343351
27.3,PLFEKH_03465,glnE,2,264,2,13,0.0075187969924812
255,PLFEKH_03470,hldE,3,3937,4,252,0.00101497081958894
120,PLFEKH_03545,ribB,2,3483,11,152,0.00314825414997138
48.4,PLFEKH_03560,ygiC,2,721,0,48,0
89.1,PLFEKH_03565,ygiB,2,111,0,7,0
385,PLFEKH_03570,tolC,3,5290,2,272,0.000377928949357521
74,PLFEKH_03575,nudF,2,174,1,10,0.00571428571428571
26.5,PLFEKH_03585,cpdA,2,296,0,22,0
13.1,PLFEKH_03595,parE,1,1208,1,68,0.000827129859387924
672,PLFEKH_03600,ygiN,4,405,0,38,0
182,PLFEKH_03605,mdaB,3,1445,1,74,0.000691562932226833
925,PLFEKH_03620,ygiW,4,1112,0,77,0
7.94,PLFEKH_03640,ygiS,1,1174,0,56,0
47.5,PLFEKH_03645,parC,2,2924,5,131,0.00170706725844998
20.3,PLFEKH_03650,plsC,1,130,0,14,0
16.6,PLFEKH_03655,ftsP,1,772,0,49,0
517,PLFEKH_03675,dkgA,4,1700,1,84,0.000587889476778366
267,PLFEKH_03685,yqhD,3,6402,14,318,0.00218204488778055
299,PLFEKH_03700,metC,3,822,3,39,0.00363636363636364
325,PLFEKH_03705,exbB,3,784,0,36,0
175,PLFEKH_03720,yghA,3,592,0,29,0
352,PLFEKH_03730,gpr,3,2437,1,116,0.000410172272354389
18.7,PLFEKH_03755,hybO,1,677,0,30,0
20.3,PLFEKH_03760,hybA,1,516,0,40,0
106,PLFEKH_03770,hybC,2,4738,3,248,0.000632777894958869
26.5,PLFEKH_03775,hybD,2,288,0,18,0
0.497,PLFEKH_03780,hybE,1,184,0,12,0
435,PLFEKH_03800,yghU,3,580,0,39,0
150,PLFEKH_03805,gss,3,1690,0,102,0
10.1,PLFEKH_03860,glcF,1,101,0,6,0
261,PLFEKH_03865,glcG,3,2706,1,87,0.00036941263391208
398,PLFEKH_03870,glcB,3,5922,8,340,0.00134907251264756
14.2,PLFEKH_03930,speC,1,187,0,12,0
990,PLFEKH_03945,yggX,4,166,0,14,0
128,PLFEKH_03955,trmI,3,540,2,25,0.003690036900369
401,PLFEKH_03960,yggL,3,593,3,38,0.00503355704697986
183,PLFEKH_03965,yggN,3,290,0,15,0
210,PLFEKH_03970,ansB,3,8816,32,426,0.00361663652802893
8.79,PLFEKH_03985,yggW,1,350,0,14,0
168,PLFEKH_03990,rdgB,3,1027,0,43,0
5.06,PLFEKH_03995,yggU,1,112,0,7,0
15,PLFEKH_04000,yggT,1,152,0,8,0
231,PLFEKH_04005,yggS,3,1174,0,65,0
13.2,PLFEKH_04015,yqgF,1,489,0,21,0
212,PLFEKH_04025,gshB,3,3558,5,225,0.00140331181588549
16.8,PLFEKH_04030,rsmE,1,598,0,36,0
1467,PLFEKH_04050,metK,4,4967,6,239,0.00120651518198271
267,PLFEKH_04055,speA,3,3399,1,202,0.000294117647058823
335,PLFEKH_04060,speB,3,1376,7,74,0.00506146059291395
39.5,PLFEKH_04065,loiP,2,655,1,33,0.00152439024390244
1148,PLFEKH_04070,tktA,4,9815,17,427,0.00172904800650936
24.2,PLFEKH_04105,epd,1,352,1,19,0.0028328611898017
5619,PLFEKH_04110,pgk,4,39599,92,1703,0.00231790582247865
2783,PLFEKH_04115,fbaA,4,11532,52,594,0.00448895027624309
384,PLFEKH_04125,mscS,3,532,0,41,0
686,PLFEKH_04135,yggE,4,2256,0,150,0
159,PLFEKH_04165,argP,3,228,0,16,0
1370,PLFEKH_04175,rpiA,4,5173,12,220,0.00231436837029894
1881,PLFEKH_04180,serA,4,1500,0,69,0
191,PLFEKH_04205,zapA,3,501,0,35,0
200,PLFEKH_04210,ygfB,3,222,1,11,0.00448430493273543
393,PLFEKH_04215,pepP,3,3682,5,212,0.00135611608353675
7.36,PLFEKH_04220,ubiH,1,244,0,13,0
27.2,PLFEKH_04225,ubiI,2,443,1,40,0.00225225225225225
323,PLFEKH_04235,gcvT,3,2843,1,144,0.000351617440225035
504,PLFEKH_04240,gcvH,4,2527,1,108,0.000395569620253165
298,PLFEKH_04245,gcvP,3,14966,7,677,0.000467508181393174
252,PLFEKH_04255,bglA,3,1714,2,108,0.00116550116550117
263,PLFEKH_04260,yqfB,3,224,0,19,0
553,PLFEKH_04275,ygfZ,4,4049,0,235,0
47.3,PLFEKH_04290,fldB,2,294,0,14,0
238,PLFEKH_04300,dsbC,3,1183,0,53,0
7.28,PLFEKH_04305,recJ,1,322,0,13,0
890,PLFEKH_04315,lysS,4,5721,12,275,0.00209314495028781
3.76,PLFEKH_04355,guaD,1,180,0,12,0
15.9,PLFEKH_04365,xdhD,1,288,0,14,0
12.1,PLFEKH_04375,ssnA,1,505,0,31,0
11.4,PLFEKH_04380,ygfK,1,1994,0,110,0
11.7,PLFEKH_04395,yqeB,1,674,1,46,0.00148148148148148
4.57,PLFEKH_04400,yqeA,1,408,0,16,0
110,PLFEKH_04410,ygeY,2,2098,9,135,0.00427147603227338
8.57,PLFEKH_04415,ygeX,1,225,0,11,0
39.6,PLFEKH_04420,ygeW,2,849,1,40,0.00117647058823529
5.82,PLFEKH_04425,ygeV,1,1095,0,55,0
16.8,PLFEKH_04550,yqeF,1,18,0,2,0
1.94,PLFEKH_04575,lysR,1,240,0,10,0
31.4,PLFEKH_04580,lysA,2,135,0,5,0
4.34,PLFEKH_04585,galR,1,162,0,6,0
157,PLFEKH_04610,tas,3,1533,0,83,0
86.1,PLFEKH_04615,ygdR,2,320,0,8,0
32.1,PLFEKH_04640,ptsP,2,1536,2,66,0.00130039011703511
11.6,PLFEKH_04645,lgt,1,383,2,21,0.0051948051948052
226,PLFEKH_04650,thyA,3,892,0,71,0
2.89,PLFEKH_04675,recC,1,360,0,20,0
16.5,PLFEKH_04680,ptrA,1,201,2,15,0.00985221674876847
3.36,PLFEKH_04700,amiC,1,435,0,27,0
14.6,PLFEKH_04720,mltA,1,155,0,5,0
13.1,PLFEKH_04730,tcdA,1,486,0,18,0
48.4,PLFEKH_04735,csdE,2,321,0,19,0
9.39,PLFEKH_04740,csdA,1,566,0,32,0
1104,PLFEKH_04745,ygdI,4,240,0,12,0
9.69,PLFEKH_04755,gcvA,1,36,0,4,0
23.5,PLFEKH_04765,rlmM,1,212,0,16,0
12.5,PLFEKH_04770,fucR,1,60,0,5,0
75.8,PLFEKH_04775,fucU,2,72,0,6,0
6.69,PLFEKH_04785,fucI,1,811,1,42,0.00123152709359606
139,PLFEKH_04800,fucO,3,4341,2,190,0.000460511167395809
14.8,PLFEKH_04810,sdaB,1,825,0,53,0
295,PLFEKH_04815,sdaC,3,179,0,11,0
77.9,PLFEKH_04820,ygdH,2,5022,3,256,0.000597014925373134
53.1,PLFEKH_04825,queF,2,385,0,29,0
2.45,PLFEKH_04845,truC,1,24,0,3,0
175,PLFEKH_04850,yqcA,3,768,0,43,0
6.14,PLFEKH_04865,gudD,1,1119,1,62,0.000892857142857143
1.09,PLFEKH_04875,rlmD,1,342,1,16,0.00291545189504373
41.2,PLFEKH_04880,relA,2,1564,0,90,0
401,PLFEKH_04900,pyrG,3,6538,5,361,0.000764175454684396
5839,PLFEKH_04905,eno,4,20777,105,1019,0.00502825399865913
15.5,PLFEKH_04920,queE,1,1198,0,69,0
25,PLFEKH_04975,queD,2,284,0,14,0
260,PLFEKH_04980,cysJ,3,948,0,49,0
307,PLFEKH_04985,cysI,3,1878,2,116,0.00106382978723404
162,PLFEKH_04990,cysH,3,579,0,42,0
206,PLFEKH_05045,cysD,3,237,1,13,0.00420168067226891
218,PLFEKH_05050,cysN,3,795,0,49,0
28.8,PLFEKH_05055,cysC,2,117,0,8,0
10.7,PLFEKH_05070,ispD,1,320,0,11,0
81,PLFEKH_05075,ispF,2,2045,0,84,0
33.3,PLFEKH_05080,truD,2,1214,0,64,0
17.6,PLFEKH_05085,umpG,1,315,0,21,0
20.4,PLFEKH_05090,pcm,1,446,0,22,0
93.1,PLFEKH_05095,nlpD,2,973,0,61,0
203,PLFEKH_05100,rpoS,3,3817,0,188,0
16.7,PLFEKH_05140,mutS,1,2087,0,121,0
1.93,PLFEKH_05160,hypE,1,1364,1,80,0.000732600732600733
2.64,PLFEKH_05165,hypD,1,576,1,33,0.00173310225303293
6.56,PLFEKH_05175,hypB,1,1660,2,87,0.00120336943441637
0.701,PLFEKH_05185,hycA,1,300,0,12,0
2.52,PLFEKH_05190,hycB,1,188,0,12,0
2.36,PLFEKH_05205,hycE,1,380,2,26,0.00523560209424084
11.2,PLFEKH_05210,hycF,1,50,0,5,0
2.55,PLFEKH_05240,ascG,1,442,1,21,0.00225733634311512
22.8,PLFEKH_05270,srlQ,1,1690,1,74,0.000591366055588409
2.76,PLFEKH_05285,srlD,1,1788,2,113,0.00111731843575419
1.93,PLFEKH_05290,srlB,1,574,2,24,0.00347222222222222
2.35,PLFEKH_05295,srlE,1,272,0,20,0
12.4,PLFEKH_05305,mltB,1,470,1,20,0.00212314225053079
75.2,PLFEKH_05310,pncC,2,688,2,38,0.00289855072463768
692,PLFEKH_05315,recA,4,4481,3,240,0.000669045495093666
563,PLFEKH_05325,alaS,4,10249,8,578,0.000779955152578727
982,PLFEKH_05330,csrA,4,556,2,32,0.003584229390681
17.7,PLFEKH_05360,yqaB,1,410,0,22,0
110,PLFEKH_05370,gshA,2,1695,0,99,0
1256,PLFEKH_05380,luxS,4,1830,4,101,0.00218102508178844
15.4,PLFEKH_05390,emrA,1,585,2,25,0.00340715502555366
219,PLFEKH_05395,mprA,3,115,0,10,0
151,PLFEKH_05425,proX,3,4810,4,218,0.000830909846281678
51,PLFEKH_05430,proW,2,126,0,7,0
26.6,PLFEKH_05435,proV,2,800,0,41,0
239,PLFEKH_05460,ygaM,3,875,1,33,0.00114155251141553
1009,PLFEKH_05475,stpA,4,1123,0,77,0
3075,PLFEKH_05495,ygaU,4,1910,2,127,0.00104602510460251
294,PLFEKH_05510,gabT,3,2056,4,105,0.00194174757281553
340,PLFEKH_05515,gabD,3,2934,4,139,0.00136147038801906
4.53,PLFEKH_05520,lhgO,1,56,0,4,0
9.68,PLFEKH_05525,csiD,1,710,0,39,0
86.1,PLFEKH_05695,smpB,2,779,0,51,0
369,PLFEKH_05710,bamE,3,681,0,25,0
18.3,PLFEKH_05720,nadK,1,210,0,7,0
1476,PLFEKH_05725,grpE,4,4967,8,231,0.00160804020100503
6.83,PLFEKH_05730,yfjD,1,329,0,19,0
4.68,PLFEKH_05735,ypjD,1,60,0,4,0
240,PLFEKH_05740,ffh,3,4936,6,280,0.00121408336705787
4070,PLFEKH_05745,rpsP,4,1607,1,94,0.000621890547263682
275,PLFEKH_05750,rimM,3,692,0,51,0
23.9,PLFEKH_05755,trmD,1,143,0,8,0
3419,PLFEKH_05760,rplS,4,1417,6,103,0.00421644413211525
169,PLFEKH_05785,aroF,3,156,0,6,0
428,PLFEKH_05795,pheA,3,629,0,39,0
1174,PLFEKH_05805,raiA,4,2261,10,160,0.00440334654337296
221,PLFEKH_05815,bamD,3,828,0,52,0
83.1,PLFEKH_05820,rluD,2,1072,0,42,0
46.2,PLFEKH_05825,yfiH,2,173,0,10,0
1196,PLFEKH_05835,clpB,4,17834,24,1102,0.00134393549109643
279,PLFEKH_05880,pssA,3,1560,1,103,0.000640614990390775
43.9,PLFEKH_05890,pka,2,439,0,28,0
32.3,PLFEKH_05900,trxC,2,72,0,8,0
369,PLFEKH_05905,yfiF,3,1773,2,86,0.00112676056338028
30.5,PLFEKH_05910,ung,2,760,0,53,0
3276,PLFEKH_05915,grcA,4,4142,8,276,0.00192771084337349
171,PLFEKH_05935,srmB,3,1367,1,93,0.000730994152046784
1.55,PLFEKH_05940,trmN,1,72,0,4,0
137,PLFEKH_05960,rseB,3,744,0,47,0
315,PLFEKH_05975,lepA,3,4706,5,264,0.00106134578645723
101,PLFEKH_05980,lepB,2,345,0,21,0
133,PLFEKH_05985,rnc,3,446,1,38,0.00223713646532439
54.3,PLFEKH_05990,era,2,361,1,30,0.00276243093922652
217,PLFEKH_06000,pdxJ,3,931,3,53,0.00321199143468951
7.63,PLFEKH_06030,pgpC,1,128,0,12,0
449,PLFEKH_06045,purL,3,3018,0,163,0
327,PLFEKH_06075,glnB,3,355,3,31,0.00837988826815642
40.9,PLFEKH_06080,hmp,2,2890,1,115,0.000345901072293324
3754,PLFEKH_06085,glyA,4,7487,17,392,0.00226545842217484
1.19,PLFEKH_06165,csiE,1,120,0,12,0
227,PLFEKH_06175,suhB,3,2625,4,136,0.00152149106124002
154,PLFEKH_06180,trmJ,3,1105,0,76,0
582,PLFEKH_06190,iscR,4,264,0,12,0
1116,PLFEKH_06195,iscS,4,5467,1,352,0.000182882223847842
876,PLFEKH_06200,iscU,4,762,2,60,0.00261780104712042
51.3,PLFEKH_06205,iscA,2,406,0,27,0
71.3,PLFEKH_06210,hscB,2,142,0,12,0
68.4,PLFEKH_06215,hscA,2,3107,1,147,0.000321750321750322
425,PLFEKH_06220,fdx,3,2017,0,80,0
194,PLFEKH_06225,iscX,3,64,0,4,0
579,PLFEKH_06230,pepB,4,4126,2,224,0.000484496124031008
531,PLFEKH_06250,sseA,4,3291,3,170,0.000910746812386157
18.1,PLFEKH_06255,yfhM,1,2871,4,130,0.00139130434782609
2106,PLFEKH_06265,ndk,4,2393,2,146,0.000835073068893528
52,PLFEKH_06270,rlmN,2,513,1,46,0.00194552529182879
388,PLFEKH_06275,rodZ,3,651,0,39,0
183,PLFEKH_06280,ispG,3,3360,5,201,0.00148588410104012
459,PLFEKH_06290,hisS,4,3712,2,221,0.00053850296176629
418,PLFEKH_06295,yfgM,3,486,0,22,0
274,PLFEKH_06300,bamB,3,2447,1,113,0.000408496732026144
227,PLFEKH_06305,der,3,1923,1,104,0.00051975051975052
8.64,PLFEKH_06315,xseA,1,350,0,20,0
1369,PLFEKH_06320,guaB,4,11754,26,529,0.00220713073005093
721,PLFEKH_06325,guaA,4,8116,7,430,0.000861750584759325
32.4,PLFEKH_06355,ppx,2,1130,0,79,0
53.9,PLFEKH_06360,ppk,2,1036,0,77,0
586,PLFEKH_06370,purM,4,298,0,19,0
1592,PLFEKH_06375,upp,4,7644,8,333,0.00104547830632514
280,PLFEKH_06390,yfgD,3,124,0,7,0
72.6,PLFEKH_06395,bepA,2,2565,0,119,0
992,PLFEKH_06465,bcp,4,1216,2,70,0.00164203612479475
20.3,PLFEKH_06470,gcvR,1,156,0,7,0
482,PLFEKH_06475,dapA,4,2574,2,152,0.00077639751552795
418,PLFEKH_06480,bamC,3,4169,10,176,0.00239291696578129
1431,PLFEKH_06490,purC,4,2310,2,144,0.000865051903114187
45.1,PLFEKH_06495,ypfJ,2,44,0,4,0
58.4,PLFEKH_06505,ypfH,2,566,0,33,0
28.1,PLFEKH_06525,dapE,2,898,2,48,0.00222222222222222
127,PLFEKH_06530,yffB,3,804,0,43,0
23.9,PLFEKH_06550,aegA,1,15,0,1,0
19.3,PLFEKH_06555,nudK,1,486,0,18,0
738,PLFEKH_06565,tktB,4,2265,1,79,0.000441306266548985
1011,PLFEKH_06570,talA,4,562,0,34,0
628,PLFEKH_06575,maeB,4,13291,11,629,0.000826943316794467
13.6,PLFEKH_06605,eutM,1,12,0,1,0
8.78,PLFEKH_06670,hemF,1,107,0,7,0
6.5,PLFEKH_06675,amiA,1,252,0,13,0
15.9,PLFEKH_06680,ypeA,1,72,0,8,0
23.7,PLFEKH_06690,yfeY,1,144,0,12,0
194,PLFEKH_06695,yfeX,3,2316,1,132,0.000431592576607682
25.6,PLFEKH_06710,murQ,2,2125,1,107,0.000470366886171214
225,PLFEKH_06720,ucpA,3,2534,6,146,0.00236220472440945
588,PLFEKH_06725,cysP,4,1686,0,111,0
135,PLFEKH_06745,cysM,3,355,0,18,0
104,PLFEKH_06765,pdxK,2,1804,0,113,0
4115,PLFEKH_06770,crr,4,10235,20,464,0.00195026816187226
1416,PLFEKH_06775,ptsI,4,14397,20,685,0.00138725116182285
2247,PLFEKH_06780,ptsH,4,4253,4,165,0.000939628846605591
4010,PLFEKH_06785,cysK,4,13584,13,661,0.000956093255865264
33.9,PLFEKH_06790,cysZ,2,128,0,8,0
118,PLFEKH_06795,zipA,2,1190,8,56,0.00667779632721202
44.7,PLFEKH_06800,ligA,2,1723,0,92,0
642,PLFEKH_06860,gltX,4,8189,6,447,0.00073215375228798
40.2,PLFEKH_06900,nupC,2,150,0,11,0
256,PLFEKH_06925,glk,3,1306,1,101,0.000765110941086458
51.1,PLFEKH_06970,alaC,2,431,0,26,0
54,PLFEKH_07025,evgA,2,205,1,17,0.00485436893203884
29.1,PLFEKH_07045,dsdA,2,1446,1,77,0.000691085003455425
36.8,PLFEKH_07160,mlaA,2,873,0,43,0
61.2,PLFEKH_07170,fadL,2,1546,5,63,0.00322372662798195
349,PLFEKH_07175,yfcZ,3,394,0,23,0
37.6,PLFEKH_07180,fadI,2,135,0,5,0
11.4,PLFEKH_07185,fadJ,1,30,1,3,0.032258064516129
21.9,PLFEKH_07190,sixA,1,72,0,9,0
24.6,PLFEKH_07235,smrB,2,290,0,12,0
520,PLFEKH_07240,prmB,4,2109,4,97,0.00189304306672977
129,PLFEKH_07245,aroC,3,634,0,29,0
4.21,PLFEKH_07250,mepA,1,85,0,5,0
57.8,PLFEKH_07265,yfcL,2,171,0,9,0
10.2,PLFEKH_07270,mnmC,1,10,0,1,0
1955,PLFEKH_07275,fabB,4,5895,12,288,0.00203148806500762
239,PLFEKH_07290,pdxB,3,2129,1,125,0.000469483568075117
145,PLFEKH_07295,usg,3,4719,6,214,0.00126984126984127
6.68,PLFEKH_07300,truA,1,258,0,15,0
496,PLFEKH_07310,accD,4,3384,3,181,0.000885739592559787
48.8,PLFEKH_07315,folC,2,2174,0,110,0
169,PLFEKH_07330,purF,3,343,1,17,0.00290697674418605
2003,PLFEKH_07340,argT,4,254,1,19,0.00392156862745098
1211,PLFEKH_07345,hisJ,4,1821,15,108,0.00816993464052288
137,PLFEKH_07370,yfcH,3,629,0,29,0
203,PLFEKH_07375,folX,3,413,1,38,0.00241545893719807
187,PLFEKH_07390,yfcE,3,799,0,37,0
130,PLFEKH_07395,yfcD,3,2098,3,85,0.0014278914802475
877,PLFEKH_07405,pta,4,14198,24,724,0.00168752636759949
927,PLFEKH_07410,ackA,4,12320,30,521,0.00242914979757085
686,PLFEKH_07420,yfbU,4,572,0,49,0
64.6,PLFEKH_07425,yfbT,2,841,0,43,0
88.6,PLFEKH_07440,alaA,2,3034,0,141,0
14.7,PLFEKH_07445,lrhA,1,676,0,45,0
149,PLFEKH_07455,nuoA,3,226,1,19,0.00440528634361234
249,PLFEKH_07460,nuoB,3,294,0,22,0
333,PLFEKH_07465,nuoC,3,1937,1,151,0.000515995872033024
198,PLFEKH_07470,nuoE,3,565,1,28,0.00176678445229682
205,PLFEKH_07475,nuoF,3,1323,9,72,0.00675675675675676
304,PLFEKH_07480,nuoG,3,7529,9,375,0.0011939506500398
22.4,PLFEKH_07485,nuoH,1,352,0,30,0
239,PLFEKH_07490,nuoI,3,581,2,44,0.00343053173241852
16.4,PLFEKH_07505,nuoL,1,484,3,33,0.00616016427104723
2.84,PLFEKH_07510,nuoM,1,16,0,2,0
18.6,PLFEKH_07515,nuoN,1,44,0,4,0
4.05,PLFEKH_07555,rbn,1,95,0,5,0
1010,PLFEKH_07565,elaB,4,320,2,20,0.0062111801242236
9.77,PLFEKH_07570,menF,1,216,0,12,0
3.49,PLFEKH_07575,menD,1,310,0,14,0
2.01,PLFEKH_07580,menH,1,150,0,10,0
299,PLFEKH_07585,menB,3,3387,6,155,0.0017683465959328
8.43,PLFEKH_07590,menC,1,979,0,45,0
1.83,PLFEKH_07595,menE,1,180,0,10,0
41.2,PLFEKH_07600,pmrD,2,248,1,15,0.00401606425702811
42,PLFEKH_07655,yfaY,2,1391,0,74,0
71.9,PLFEKH_07690,glpC,2,4701,2,263,0.000425260472039124
134,PLFEKH_07695,glpB,3,9922,16,446,0.00160998188770376
222,PLFEKH_07700,glpA,3,12151,6,616,0.000493542814839187
81.2,PLFEKH_07705,glpT,2,1355,1,103,0.000737463126843658
475,PLFEKH_07710,glpQ,4,9551,20,505,0.00208964580503605
248,PLFEKH_07730,nrdB,3,1667,2,103,0.0011983223487118
394,PLFEKH_07740,nrdA,3,4243,1,269,0.000235626767200754
144,PLFEKH_07750,ubiG,3,369,0,23,0
456,PLFEKH_07755,gyrA,4,9659,15,572,0.00155054786024395
3.92,PLFEKH_07810,atoC,1,451,0,22,0
680,PLFEKH_07835,rcsB,4,3487,3,165,0.000859598853868195
23.4,PLFEKH_07840,rcsD,1,1617,1,63,0.000618046971569839
1194,PLFEKH_07850,ompC,4,33251,200,1401,0.0059788945024065
2.02,PLFEKH_07855,apbE,1,200,0,8,0
7.56,PLFEKH_07875,mqo,1,140,0,8,0
47.6,PLFEKH_07910,eco,2,691,0,51,0
8.64,PLFEKH_07935,napA,1,1131,0,67,0
0.323,PLFEKH_07950,napB,1,8,0,1,0
1.28,PLFEKH_07960,ccmA,1,396,0,12,0
42.7,PLFEKH_08000,narP,2,447,0,35,0
4.99,PLFEKH_08020,yejM,1,210,0,7,0
94.8,PLFEKH_08030,yejK,2,1739,0,99,0
4803,PLFEKH_08035,rplY,4,1614,0,121,0
147,PLFEKH_08045,rsuA,3,1754,2,90,0.00113895216400911
1.91,PLFEKH_08090,lpxT,1,60,0,6,0
8.09,PLFEKH_08095,yeiR,1,488,0,29,0
404,PLFEKH_08105,yeiP,3,955,0,55,0
157,PLFEKH_08120,fruB,3,1162,0,49,0
124,PLFEKH_08125,fruK,2,970,0,54,0
104,PLFEKH_08130,fruA,2,501,0,21,0
7.31,PLFEKH_08140,psuG,1,508,0,26,0
21.6,PLFEKH_08170,nfo,1,120,0,9,0
0.255,PLFEKH_08175,yeiH,1,29,1,3,0.0333333333333333
11.4,PLFEKH_08180,yeiE,1,1619,1,99,0.000617283950617284
567,PLFEKH_08190,cirA,4,96,0,8,0
1083,PLFEKH_08200,folE,4,592,5,38,0.00837520938023451
3.22,PLFEKH_08210,galS,1,22,0,2,0
2164,PLFEKH_08215,mglB,4,8438,19,429,0.00224665957195223
112,PLFEKH_08220,mglA,2,779,0,60,0
3.05,PLFEKH_08225,mglC,1,168,0,8,0
27.8,PLFEKH_08235,preA,2,2783,9,139,0.00322349570200573
26.4,PLFEKH_08240,preT,2,3079,6,155,0.00194489465153971
449,PLFEKH_08255,cdd,3,7806,6,323,0.000768049155145929
67.1,PLFEKH_08285,yohF,2,140,0,7,0
289,PLFEKH_08305,dld,3,1235,0,80,0
54.2,PLFEKH_08310,bglX,2,2925,3,179,0.00102459016393443
286,PLFEKH_08315,osmF,3,1097,3,47,0.00272727272727273
1.34,PLFEKH_08345,yehU,1,540,0,18,0
46.9,PLFEKH_08350,yehT,2,44,0,4,0
14.3,PLFEKH_08355,yehS,1,114,0,6,0
451,PLFEKH_08415,metG,4,7942,8,467,0.0010062893081761
143,PLFEKH_08420,mrp,3,1900,0,121,0
171,PLFEKH_08450,rcnB,3,263,0,17,0
275,PLFEKH_08470,thiD,3,400,0,16,0
981,PLFEKH_08500,fbaB,4,3468,3,153,0.000864304235090752
5508,PLFEKH_08510,gatY,4,4271,24,222,0.00558789289871944
75.3,PLFEKH_08595,yegQ,2,1642,0,77,0
772,PLFEKH_08600,yegP,4,383,0,26,0
53.4,PLFEKH_08605,baeR,2,214,2,15,0.00925925925925926
1.23,PLFEKH_08610,baeS,1,170,0,10,0
3.75,PLFEKH_08630,mdtA,1,56,0,4,0
59.4,PLFEKH_08695,udk,2,512,0,48,0
120,PLFEKH_08700,dcd,2,1024,0,53,0
13.2,PLFEKH_08705,asmA,1,521,0,27,0
8.06,PLFEKH_08710,yegH,1,896,0,41,0
629,PLFEKH_08820,wcaN,4,2256,3,131,0.00132802124833997
215,PLFEKH_08825,rfbB,3,3152,0,179,0
342,PLFEKH_08835,rfbA,3,2488,0,174,0
64.4,PLFEKH_08840,rfbC,2,1107,0,78,0
365,PLFEKH_08850,glf,3,2227,2,127,0.000897263346792284
82.8,PLFEKH_08860,wbbI,2,1568,2,100,0.00127388535031847
13.5,PLFEKH_08865,wbbJ,1,394,0,18,0
41.8,PLFEKH_08870,wbbK,2,680,0,45,0
2016,PLFEKH_08890,gnd,4,19571,59,922,0.00300560366785532
280,PLFEKH_08900,wzzB,3,2473,4,100,0.00161485668146952
179,PLFEKH_08910,hisF,3,591,1,33,0.00168918918918919
95.7,PLFEKH_08915,hisA,2,1046,0,58,0
276,PLFEKH_08925,hisB,3,698,0,50,0
335,PLFEKH_08930,hisC,3,953,0,45,0
370,PLFEKH_08935,hisD,3,395,0,23,0
534,PLFEKH_08940,hisG,4,1552,0,85,0
188,PLFEKH_08960,yeeZ,3,2218,4,120,0.0018001800180018
38.3,PLFEKH_08990,yeeD,2,68,0,4,0
29.5,PLFEKH_08995,sbcB,2,203,0,19,0
113,PLFEKH_09005,sbmC,2,118,0,8,0
2888,PLFEKH_09020,yeeX,4,867,1,34,0.00115207373271889
470,PLFEKH_09055,flu,4,174,0,6,0
45.5,PLFEKH_09105,ldtA,2,670,1,34,0.0014903129657228
0.644,PLFEKH_09120,cbl,1,42,0,3,0
211,PLFEKH_09140,yeeN,3,1186,3,66,0.00252312867956266
83.6,PLFEKH_09145,amn,2,1501,2,65,0.00133067198935462
113,PLFEKH_09175,mtfA,2,724,1,45,0.00137931034482759
876,PLFEKH_09220,hchA,4,2490,3,140,0.00120336943441637
5.28,PLFEKH_09255,dcm,1,245,0,21,0
12.5,PLFEKH_09270,yedI,1,9,0,1,0
207,PLFEKH_09285,yedP,3,638,0,26,0
108,PLFEKH_09295,yodD,2,115,0,5,0
271,PLFEKH_09400,yedF,3,368,0,16,0
18.8,PLFEKH_09405,yedE,1,124,0,12,0
196,PLFEKH_09410,yedD,3,1092,0,70,0
1755,PLFEKH_09455,fliY,4,2490,0,167,0
359,PLFEKH_09460,dcyD,3,971,1,49,0.00102880658436214
8.7,PLFEKH_09465,yecS,1,330,0,22,0
114,PLFEKH_09470,yecC,2,388,0,18,0
5.81,PLFEKH_09475,sdiA,1,99,0,9,0
56.5,PLFEKH_09485,uvrY,2,360,0,12,0
13.1,PLFEKH_09490,uvrC,1,60,0,6,0
262,PLFEKH_09515,yecA,3,1753,3,81,0.00170842824601367
1108,PLFEKH_09530,ftnA,4,584,0,35,0
282,PLFEKH_09555,araF,3,428,0,22,0
181,PLFEKH_09575,otsA,3,1087,1,51,0.000919117647058824
5.7,PLFEKH_09580,uspC,1,212,0,12,0
198,PLFEKH_09675,argS,3,6396,8,360,0.00124921923797627
20.2,PLFEKH_09680,yecM,1,980,0,56,0
33,PLFEKH_09685,cutC,2,890,1,47,0.00112233445566779
17.2,PLFEKH_09710,cmoB,1,899,0,65,0
51.1,PLFEKH_09715,cmoA,2,1151,1,73,0.000868055555555556
132,PLFEKH_09730,yecD,3,460,2,24,0.00432900432900433
660,PLFEKH_09735,aspS,4,7493,16,480,0.00213077640165135
466,PLFEKH_09745,yebC,4,1398,0,80,0
21.1,PLFEKH_09775,ruvB,1,391,0,24,0
1164,PLFEKH_09790,znuA,4,884,0,44,0
15.2,PLFEKH_09800,lpxM,1,221,1,13,0.0045045045045045
810,PLFEKH_09805,pykA,4,11582,68,586,0.00583690987124464
14.3,PLFEKH_09810,yebK,1,268,0,18,0
599,PLFEKH_09820,zwf,4,2929,0,191,0
1131,PLFEKH_09830,eda,4,8040,40,312,0.00495049504950495
380,PLFEKH_09835,purT,3,112,0,8,0
75.5,PLFEKH_09840,yebG,2,240,0,10,0
106,PLFEKH_09855,yebE,2,355,0,20,0
9.2,PLFEKH_09880,yobA,1,328,0,12,0
70,PLFEKH_09890,yebY,2,63,0,7,0
3,PLFEKH_09920,rsmF,1,230,0,11,0
161,PLFEKH_09935,msrC,3,972,0,57,0
521,PLFEKH_09940,proQ,4,1310,0,94,0
197,PLFEKH_09945,prc,3,4384,3,238,0.000683838614087075
110,PLFEKH_09950,htpX,2,288,0,16,0
262,PLFEKH_09960,kdgR,3,907,0,51,0
10.7,PLFEKH_09980,rlmA,1,104,0,8,0
403,PLFEKH_09995,manZ,3,1895,1,112,0.000527426160337553
330,PLFEKH_10000,manY,3,57,0,3,0
1381,PLFEKH_10005,manX,4,4148,6,223,0.00144439094848339
7.18,PLFEKH_10015,yoaE,1,55,0,5,0
59.5,PLFEKH_10025,sdaA,2,1135,2,67,0.00175901495162709
4.37,PLFEKH_10035,pabB,1,310,0,21,0
759,PLFEKH_10050,yoaB,4,1268,0,70,0
26.5,PLFEKH_10060,tsaB,2,1336,1,55,0.00074794315632012
28.2,PLFEKH_10065,yeaY,2,195,0,13,0
41.3,PLFEKH_10070,fadD,2,405,0,19,0
4.14,PLFEKH_10080,rnd,1,39,0,3,0
67.3,PLFEKH_10165,yeaK,2,732,0,40,0
492,PLFEKH_10185,yeaG,4,824,2,54,0.00242130750605327
121,PLFEKH_10190,mipA,2,2029,0,104,0
242,PLFEKH_10200,yeaD,3,2578,4,147,0.00154918667699458
8675,PLFEKH_10205,gapA,4,21008,74,1014,0.00351010340574898
381,PLFEKH_10210,msrB,3,569,0,31,0
0.496,PLFEKH_10240,ydjH,1,224,0,14,0
15.8,PLFEKH_10250,ydjF,1,348,0,18,0
77.9,PLFEKH_10260,pncA,2,144,0,12,0
65.8,PLFEKH_10265,ansA,2,1339,0,46,0
14.5,PLFEKH_10270,sppA,1,322,0,20,0
427,PLFEKH_10275,ydjA,3,1796,0,130,0
317,PLFEKH_10280,selD,3,4530,3,226,0.000661813368630046
1035,PLFEKH_10295,gdhA,4,598,1,34,0.00166944908180301
32.1,PLFEKH_10315,ynjE,2,2581,2,147,0.000774293457220286
5.7,PLFEKH_10330,ynjB,1,74,0,6,0
0.659,PLFEKH_10340,ydjZ,1,57,3,3,0.05
1.87,PLFEKH_10345,ydjY,1,159,0,9,0
234,PLFEKH_10355,xthA,3,2105,8,116,0.00378608613345954
151,PLFEKH_10360,astC,3,766,1,39,0.00130378096479791
603,PLFEKH_10405,nadE,4,2444,3,125,0.00122599100939926
1369,PLFEKH_10410,osmE,4,1903,1,79,0.000525210084033613
189,PLFEKH_10415,chbB,3,578,0,30,0
579,PLFEKH_10450,katE,4,1153,1,71,0.000866551126516464
97.4,PLFEKH_10465,ydjN,2,490,0,31,0
125,PLFEKH_10475,yniC,3,272,0,23,0
179,PLFEKH_10485,yniA,3,1535,1,85,0.000651041666666667
202,PLFEKH_10495,pfkB,3,4143,7,160,0.00168674698795181
683,PLFEKH_10520,thrS,4,7487,8,365,0.00106737825216811
1394,PLFEKH_10525,infC,4,1804,2,105,0.00110741971207088
508,PLFEKH_10530,rpmI,4,220,0,15,0
3505,PLFEKH_10535,rplT,4,1201,6,108,0.00497100248550124
588,PLFEKH_10545,pheS,4,2439,0,172,0
544,PLFEKH_10550,pheT,4,10284,33,483,0.00319860424542018
2653,PLFEKH_10555,ihfA,4,570,0,50,0
528,PLFEKH_10570,btuE,4,760,0,47,0
139,PLFEKH_10600,aroH,3,30,2,2,0.0625
77.9,PLFEKH_10605,ppsR,2,1361,1,77,0.000734214390602056
573,PLFEKH_10610,ppsA,4,7115,12,420,0.00168373789813386
89.5,PLFEKH_10660,aroD,2,123,1,10,0.00806451612903226
2.11,PLFEKH_10690,ydiK,1,840,0,35,0
69.5,PLFEKH_10695,ydiJ,2,745,3,32,0.00401069518716578
72,PLFEKH_10715,sufA,2,680,0,32,0
36.5,PLFEKH_10720,sufB,2,197,0,12,0
180,PLFEKH_10725,sufC,3,641,1,26,0.00155763239875389
43.2,PLFEKH_10730,sufD,2,408,0,20,0
147,PLFEKH_10735,sufS,3,929,0,48,0
155,PLFEKH_10745,ldtE,3,1691,0,75,0
6011,PLFEKH_10750,lpp,4,562,0,44,0
1935,PLFEKH_10755,pykF,4,8660,21,542,0.00241907614330146
824,PLFEKH_10800,ydhR,4,284,1,19,0.00350877192982456
9.34,PLFEKH_10820,ydhQ,1,720,0,40,0
328,PLFEKH_10830,ribC,3,1795,0,119,0
128,PLFEKH_10835,cfa,3,128,0,10,0
288,PLFEKH_10850,purR,3,1031,0,69,0
1289,PLFEKH_10870,sodB,4,3869,25,213,0.00642013353877761
1042,PLFEKH_10880,grxD,4,953,2,71,0.00209424083769633
12.1,PLFEKH_10890,rnt,1,234,0,18,0
300,PLFEKH_10895,gloA,3,47,1,6,0.0208333333333333
32.6,PLFEKH_10900,nemA,2,982,1,56,0.00101729399796541
310,PLFEKH_10915,ydhF,3,1939,0,77,0
184,PLFEKH_10920,sodC,3,54,0,6,0
1206,PLFEKH_10945,slyB,4,13412,43,317,0.00319583797844667
27,PLFEKH_10950,anmK,2,1778,0,79,0
295,PLFEKH_10960,pdxH,3,925,0,69,0
439,PLFEKH_10965,tyrS,3,4122,6,240,0.00145348837209302
48.8,PLFEKH_10970,pdxY,2,1592,0,76,0
691,PLFEKH_10975,gstA,4,1375,0,72,0
17.2,PLFEKH_10980,dtpA,1,9,0,1,0
4.27,PLFEKH_10990,nth,1,8,0,1,0
62.5,PLFEKH_11035,ydgJ,2,217,0,7,0
190,PLFEKH_11040,add,3,5938,14,240,0.00235215053763441
12.4,PLFEKH_11045,malY,1,417,0,27,0
523,PLFEKH_11060,hdhA,4,2379,3,121,0.00125944584382871
401,PLFEKH_11085,ydgA,3,5605,4,292,0.000713139597076128
365,PLFEKH_11090,manA,3,5008,1,253,0.000199640646835696
315,PLFEKH_11095,fumA,3,3333,4,174,0.00119868145040456
623,PLFEKH_11100,fumC,4,1031,0,53,0
7.06,PLFEKH_11105,tus,1,69,0,3,0
45.2,PLFEKH_11115,rstA,2,275,2,26,0.0072202166064982
729,PLFEKH_11135,ydgH,4,3028,3,181,0.000989772352358957
333,PLFEKH_11140,pntA,3,3464,1,144,0.000288600288600289
563,PLFEKH_11145,pntB,4,576,0,36,0
6.7,PLFEKH_11190,mlc,1,218,1,16,0.0045662100456621
74.4,PLFEKH_11195,ynfK,2,1074,1,73,0.000930232558139535
13.1,PLFEKH_11205,dmsD,1,422,0,24,0
11.8,PLFEKH_11215,ynfG,1,149,1,13,0.00666666666666667
1.55,PLFEKH_11220,ynfF,1,1134,0,58,0
4.72,PLFEKH_11225,ynfE,1,358,0,24,0
175,PLFEKH_11230,ynfD,3,24,0,3,0
61.2,PLFEKH_11240,speG,2,365,0,28,0
159,PLFEKH_11245,ynfB,3,99,1,8,0.01
24.7,PLFEKH_11315,dicA,2,168,0,7,0
1015,PLFEKH_11420,gnsB,4,42,0,3,0
485,PLFEKH_11470,ydfZ,4,680,1,56,0.00146842878120411
15.8,PLFEKH_11475,rspR,1,14,0,2,0
732,PLFEKH_11480,ydfG,4,1840,0,96,0
270,PLFEKH_11485,dcp,3,4390,2,198,0.000455373406193078
9.94,PLFEKH_11560,sad,1,174,0,8,0
46.1,PLFEKH_11580,uxaB,2,1161,2,70,0.00171969045571797
229,PLFEKH_11600,lsrF,3,264,0,11,0
585,PLFEKH_11605,lsrB,4,44,0,4,0
8.6,PLFEKH_11625,lsrR,1,16,0,2,0
69.4,PLFEKH_11690,ydeN,2,4867,5,247,0.00102627257799672
14,PLFEKH_11710,pqqL,1,744,0,37,0
1086,PLFEKH_11715,gadB,4,156,0,12,0
342,PLFEKH_11720,gadC,3,255,0,20,0
112,PLFEKH_11750,ddpA,2,22,0,2,0
2951,PLFEKH_11775,osmC,4,1556,0,88,0
2723,PLFEKH_11785,sra,4,118,0,7,0
328,PLFEKH_11790,maeA,3,11461,14,544,0.00122004357298475
5.61,PLFEKH_11865,yddE,1,1199,0,43,0
768,PLFEKH_11920,yncE,4,3271,2,151,0.000611060189428659
263,PLFEKH_11935,curA,3,288,0,24,0
697,PLFEKH_11960,patD,4,407,2,22,0.00488997555012225
820,PLFEKH_11980,ydcS,4,247,1,15,0.00403225806451613
9.94,PLFEKH_12005,ydcP,1,126,0,6,0
1.49,PLFEKH_12010,ydcN,1,18,0,2,0
613,PLFEKH_12030,ydcL,4,1048,2,67,0.00190476190476191
180,PLFEKH_12035,tehB,3,366,2,34,0.00543478260869565
31.3,PLFEKH_12060,opgD,2,431,0,28,0
63.8,PLFEKH_12070,ydcI,2,502,0,25,0
3070,PLFEKH_12125,aldA,4,9699,22,472,0.00226314165209341
272,PLFEKH_12130,ydcF,3,545,1,31,0.00183150183150183
14.8,PLFEKH_12135,hrpA,1,2103,1,156,0.000475285171102662
242,PLFEKH_12140,azoR,3,2812,1,138,0.000355492356914326
403,PLFEKH_12170,ydbC,3,1405,0,76,0
2.59,PLFEKH_12255,paaC,1,122,0,6,0
4.81,PLFEKH_12265,paaA,1,28,0,4,0
321,PLFEKH_12305,ldhA,3,1760,2,100,0.00113507377979569
20.6,PLFEKH_12310,hslJ,1,120,2,6,0.0163934426229508
29,PLFEKH_12320,pfo,2,3082,0,149,0
1230,PLFEKH_12335,uspF,4,1212,4,82,0.00328947368421053
16.7,PLFEKH_12490,ttcA,1,957,0,52,0
23.8,PLFEKH_12510,ydaN,1,86,0,7,0
201,PLFEKH_12560,fnr,3,1545,1,103,0.000646830530401035
747,PLFEKH_12565,uspE,4,4982,2,247,0.000401284109149278
30.6,PLFEKH_12580,ynaI,2,130,0,5,0
116,PLFEKH_12585,mppA,2,2073,0,104,0
22.7,PLFEKH_12610,mpaA,1,170,0,10,0
50.5,PLFEKH_12615,ycjG,2,342,0,20,0
3133,PLFEKH_12620,tpx,4,7240,12,330,0.00165471594043023
40.7,PLFEKH_12625,tyrR,2,1380,1,89,0.000724112961622013
35,PLFEKH_12635,ycjX,2,18,0,2,0
4.26,PLFEKH_12640,ycjW,1,54,0,3,0
597,PLFEKH_12700,pspE,4,617,2,35,0.00323101777059774
1115,PLFEKH_12720,pspA,4,249,0,11,0
8.74,PLFEKH_12770,sapA,1,750,1,31,0.00133155792276964
1968,PLFEKH_12795,fabI,4,6069,21,378,0.00344827586206896
173,PLFEKH_12805,rnb,3,4496,3,277,0.000666814847743943
64.6,PLFEKH_12820,yciT,2,660,1,38,0.00151285930408472
1161,PLFEKH_12825,osmB,4,1708,0,42,0
97.1,PLFEKH_12835,pyrF,2,766,0,32,0
16.9,PLFEKH_12840,yciM,1,228,0,12,0
77.8,PLFEKH_12855,ribA,2,868,0,57,0
468,PLFEKH_12860,acnA,4,7543,7,374,0.000927152317880795
121,PLFEKH_12885,cysB,2,682,0,43,0
147,PLFEKH_12890,topA,3,1465,0,77,0
378,PLFEKH_12895,yciN,3,284,4,16,0.0138888888888889
129,PLFEKH_12900,sohB,3,1314,7,70,0.00529901589704769
36.2,PLFEKH_12905,yciK,2,175,0,12,0
41.3,PLFEKH_12910,btuR,2,160,0,10,0
74.9,PLFEKH_12915,rluB,2,696,1,48,0.00143472022955524
269,PLFEKH_12925,yciO,3,1651,2,81,0.00120992135511192
10.4,PLFEKH_12930,yciV,1,18,0,2,0
1004,PLFEKH_12955,trpB,4,326,0,14,0
995,PLFEKH_12960,trpA,4,2384,0,78,0
195,PLFEKH_12980,ompW,3,1283,2,77,0.00155642023346303
32.4,PLFEKH_12985,yciC,2,65,0,5,0
14.9,PLFEKH_12995,yciA,1,74,0,8,0
1199,PLFEKH_13005,yciI,4,36,0,4,0
16.2,PLFEKH_13015,clsA,1,506,0,35,0
2569,PLFEKH_13075,adhE,4,21049,50,986,0.0023697805583203
16,PLFEKH_13090,tdk,1,529,0,25,0
7523,PLFEKH_13095,hns,4,2271,31,130,0.0134665508253692
552,PLFEKH_13100,galU,4,4698,6,249,0.00127551020408163
5.51,PLFEKH_13105,rssB,1,45,0,5,0
15.6,PLFEKH_13110,rssA,1,84,0,4,0
8.41,PLFEKH_13115,ychJ,1,20,0,2,0
337,PLFEKH_13120,purU,3,1925,1,107,0.000519210799584631
2.31,PLFEKH_13135,narI,1,88,0,7,0
1.67,PLFEKH_13140,narJ,1,661,1,40,0.00151057401812689
40.4,PLFEKH_13145,narH,2,3379,5,161,0.00147754137115839
41.6,PLFEKH_13150,narG,2,7817,7,427,0.000894683026584867
2.87,PLFEKH_13155,narK,1,734,0,34,0
3.41,PLFEKH_13165,narX,1,489,0,27,0
401,PLFEKH_13170,narL,3,1318,1,73,0.000758150113722517
769,PLFEKH_13180,ychN,4,2255,1,115,0.000443262411347518
1137,PLFEKH_13240,kdsA,4,7267,16,352,0.00219689688315255
0.519,PLFEKH_13255,prmC,1,324,0,15,0
29.7,PLFEKH_13260,prfA,2,1618,8,75,0.00492004920049201
101,PLFEKH_13270,lolB,2,1370,2,62,0.00145772594752187
958,PLFEKH_13280,prs,4,6042,14,379,0.00231175693527081
12.2,PLFEKH_13285,dauA,1,685,0,30,0
24.5,PLFEKH_13290,ychH,1,50,0,5,0
75.5,PLFEKH_13295,pth,2,929,1,68,0.0010752688172043
324,PLFEKH_13300,ychF,3,5723,3,287,0.000523925951798812
331,PLFEKH_13320,dhaK,3,4151,4,219,0.000962695547533093
152,PLFEKH_13325,dhaL,3,2080,5,117,0.00239808153477218
60.5,PLFEKH_13330,dhaM,2,3653,0,183,0
299,PLFEKH_13335,treA,3,644,0,37,0
34.9,PLFEKH_13360,ldcA,2,790,0,56,0
31.2,PLFEKH_13370,dadX,2,1012,1,54,0.000987166831194472
124,PLFEKH_13375,dadA,2,4180,1,208,0.000239177230327673
133,PLFEKH_13385,fadR,3,1081,0,64,0
34.2,PLFEKH_13395,dsbB,2,54,0,6,0
64.7,PLFEKH_13425,ycgM,2,340,0,15,0
115,PLFEKH_13430,ycgL,2,1221,0,73,0
406,PLFEKH_13435,pliG,3,405,0,15,0
40,PLFEKH_13445,minC,2,311,0,25,0
1013,PLFEKH_13450,minD,4,3557,2,235,0.000561955605507165
817,PLFEKH_13455,minE,4,904,0,55,0
4117,PLFEKH_13525,icd,4,16568,61,920,0.00366829033615972
13.1,PLFEKH_13535,nudJ,1,354,0,18,0
122,PLFEKH_13540,mnmA,2,1824,0,80,0
53.4,PLFEKH_13545,hflD,2,375,0,25,0
719,PLFEKH_13550,purB,4,4605,2,264,0.000434121988278706
553,PLFEKH_13555,phoP,4,2931,4,188,0.00136286201022147
208,PLFEKH_13565,roxA,3,1965,5,90,0.00253807106598985
255,PLFEKH_13570,pepT,3,5718,3,256,0.000524383848977451
82.8,PLFEKH_13575,potA,2,866,0,62,0
809,PLFEKH_13590,potD,4,2054,9,134,0.00436257876878333
55.3,PLFEKH_13605,cobB,2,1263,1,65,0.000791139240506329
31.7,PLFEKH_13610,nagK,2,465,0,31,0
7.09,PLFEKH_13615,lolE,1,276,2,14,0.00719424460431655
104,PLFEKH_13620,lolD,2,696,0,37,0
12.7,PLFEKH_13625,lolC,1,387,0,15,0
49.5,PLFEKH_13635,mfd,2,3059,1,207,0.000326797385620915
383,PLFEKH_13660,ndh,3,2060,1,127,0.000485201358563804
469,PLFEKH_13665,ycfP,4,1716,0,114,0
26.3,PLFEKH_13670,nagZ,2,158,0,16,0
148,PLFEKH_13680,lpoB,3,851,2,47,0.00234466588511137
908,PLFEKH_13690,hinT,4,2272,2,88,0.000879507475813544
535,PLFEKH_13700,ptsG,4,938,0,62,0
22,PLFEKH_13705,ycfH,1,353,0,25,0
6.39,PLFEKH_13710,holB,1,200,0,10,0
39.9,PLFEKH_13715,tmk,2,459,1,28,0.00217391304347826
6.81,PLFEKH_13720,yceG,1,116,2,8,0.0169491525423729
390,PLFEKH_13730,fabF,3,6596,4,294,0.000606060606060606
7063,PLFEKH_13735,acpP,4,696,0,52,0
1298,PLFEKH_13740,fabG,4,5655,20,311,0.00352422907488987
1238,PLFEKH_13745,fabD,4,5293,19,232,0.00357680722891566
724,PLFEKH_13750,fabH,4,2979,8,156,0.00267827251422832
2144,PLFEKH_13760,rpmF,4,1049,1,64,0.000952380952380952
112,PLFEKH_13765,yceD,2,568,0,51,0
152,PLFEKH_13775,yceF,3,483,0,28,0
33.8,PLFEKH_13780,rluC,2,278,0,22,0
428,PLFEKH_13785,rne,3,8054,5,390,0.000620424370269264
17.4,PLFEKH_13865,yceM,1,96,0,8,0
388,PLFEKH_13870,yceH,3,1098,0,70,0
23.3,PLFEKH_13875,rimJ,1,144,0,12,0
718,PLFEKH_13885,grxB,4,2364,0,133,0
43,PLFEKH_13890,yceB,2,816,0,46,0
620,PLFEKH_13895,pyrC,4,2642,0,126,0
109,PLFEKH_13910,solA,2,1897,1,101,0.000526870389884089
122,PLFEKH_13925,yceI,2,118,0,6,0
2.47,PLFEKH_13935,lpxL,1,144,0,6,0
757,PLFEKH_13945,msyB,4,47,0,2,0
484,PLFEKH_13965,opgG,4,5688,5,299,0.000878271561566836
98.6,PLFEKH_13980,ymdB,2,225,0,10,0
224,PLFEKH_14035,ycdY,3,1303,1,88,0.000766871165644172
51.6,PLFEKH_14040,ycdX,2,581,3,39,0.00513698630136986
201,PLFEKH_14045,ghrA,3,2711,1,142,0.000368731563421829
158,PLFEKH_14120,efeO,3,743,0,43,0
63,PLFEKH_14145,putA,2,5728,10,309,0.00174276751481352
241,PLFEKH_14190,ymdF,3,12,0,1,0
2017,PLFEKH_14195,wrbA,4,5840,20,309,0.00341296928327645
1054,PLFEKH_14200,yccJ,4,961,2,59,0.00207684319833852
552,PLFEKH_14205,agp,4,4320,6,210,0.0013869625520111
340,PLFEKH_14215,cbpA,3,2263,1,114,0.000441696113074205
3.06,PLFEKH_14245,torR,1,190,0,10,0
310,PLFEKH_14265,gnsA,3,156,0,12,0
15.8,PLFEKH_14305,gfcE,1,210,0,7,0
7.51,PLFEKH_14320,appA,1,359,0,31,0
9.86,PLFEKH_14335,cbdA,1,1392,0,69,0
0.005,PLFEKH_14340,hyaF,1,511,0,19,0
35.3,PLFEKH_14360,hyaB,2,4806,1,265,0.000208029956313709
6.03,PLFEKH_14365,hyaA,1,878,0,38,0
24.2,PLFEKH_14380,tusE,1,39,0,3,0
58.9,PLFEKH_14385,yccX,2,8,0,1,0
45.9,PLFEKH_14390,rlmI,2,960,0,65,0
468,PLFEKH_14400,yccU,4,834,1,50,0.00119760479041916
244,PLFEKH_14410,mgsA,3,2036,5,86,0.00244977951984321
42.1,PLFEKH_14415,helD,2,492,0,29,0
71.3,PLFEKH_14420,yccF,2,308,1,19,0.00323624595469256
5583,PLFEKH_14440,ompA,4,14489,116,736,0.00794248545018829
137,PLFEKH_14445,matP,3,190,0,11,0
4.88,PLFEKH_14450,ycbZ,1,779,1,42,0.00128205128205128
16.6,PLFEKH_14465,pqiC,1,498,0,28,0
21.7,PLFEKH_14470,pqiB,1,340,0,13,0
32,PLFEKH_14480,uup,2,785,0,41,0
25.8,PLFEKH_14485,rlmL,2,1742,0,100,0
60.1,PLFEKH_14490,ycbX,2,517,0,30,0
243,PLFEKH_14500,pyrD,3,744,0,42,0
413,PLFEKH_14565,pepN,3,8684,5,469,0.000575440211761998
133,PLFEKH_14570,pncB,3,460,0,33,0
1011,PLFEKH_14575,asnS,4,6268,10,331,0.00159286396941701
898,PLFEKH_14580,ompF,4,2204,3,126,0.00135931128228364
1602,PLFEKH_14585,aspC,4,6439,20,401,0.00309645455952934
168,PLFEKH_14595,ycbL,3,1258,0,70,0
15.1,PLFEKH_14605,ldtD,1,326,0,14,0
93.4,PLFEKH_14610,mukB,2,4141,1,256,0.000241429261226461
178,PLFEKH_14615,mukE,3,131,1,10,0.00757575757575758
73.7,PLFEKH_14620,mukF,2,398,0,29,0
12.6,PLFEKH_14635,ycbJ,1,1079,1,61,0.000925925925925926
190,PLFEKH_14640,kdsB,3,1466,1,86,0.000681663258350375
423,PLFEKH_14645,ycaR,3,441,0,21,0
45.2,PLFEKH_14660,msbA,2,1061,0,63,0
1996,PLFEKH_14670,ihfB,4,934,2,71,0.00213675213675214
3309,PLFEKH_14675,rpsA,4,22018,34,1065,0.00154181026664248
206,PLFEKH_14680,cmk,3,2272,2,98,0.000879507475813544
169,PLFEKH_14690,aroA,3,816,0,38,0
1421,PLFEKH_14695,serC,4,2714,0,155,0
32.2,PLFEKH_14705,ycaO,2,1353,2,72,0.0014760147601476
75,PLFEKH_14710,focA,2,325,0,21,0
3655,PLFEKH_14715,pflB,4,29744,207,1420,0.00691128843778171
115,PLFEKH_14720,pflA,2,673,2,43,0.00296296296296296
1033,PLFEKH_14745,ycaC,4,1057,0,49,0
7.95,PLFEKH_14755,dmsB,1,310,0,26,0
17.6,PLFEKH_14760,dmsA,1,1094,2,75,0.00182481751824818
769,PLFEKH_14770,serS,4,8348,10,436,0.00119645848289064
13.5,PLFEKH_14775,rarA,1,60,0,3,0
267,PLFEKH_14780,lolA,3,732,1,52,0.00136425648021828
26.8,PLFEKH_14785,ftsK,2,15,1,1,0.0625
1270,PLFEKH_14790,lrp,4,673,1,64,0.00148367952522255
527,PLFEKH_14795,trxB,4,5062,0,239,0
44,PLFEKH_14800,cydD,2,520,0,24,0
31.9,PLFEKH_14805,cydC,2,773,1,39,0.00129198966408269
931,PLFEKH_14815,infA,4,1436,0,85,0
252,PLFEKH_14825,clpA,3,6115,6,300,0.000980231988237216
650,PLFEKH_14840,cspD,4,410,0,19,0
11.3,PLFEKH_14850,macA,1,180,0,10,0
10.7,PLFEKH_14855,ybjX,1,252,0,22,0
4.39,PLFEKH_14875,hcp,1,4427,6,253,0.00135348522445297
2.1,PLFEKH_14880,hcr,1,816,2,48,0.00244498777506112
464,PLFEKH_14885,poxB,4,1546,0,106,0
168,PLFEKH_14890,ltaE,3,594,0,34,0
5.64,PLFEKH_14905,amiD,1,350,0,20,0
304,PLFEKH_14910,ybjQ,3,36,0,3,0
323,PLFEKH_14915,ybjP,3,865,0,56,0
198,PLFEKH_14920,artP,3,675,0,29,0
858,PLFEKH_14925,artI,4,3400,4,165,0.00117508813160987
5.4,PLFEKH_14930,artQ,1,51,0,3,0
425,PLFEKH_14945,artJ,3,140,0,8,0
642,PLFEKH_14980,potF,4,224,0,12,0
149,PLFEKH_14995,nfsA,3,1274,0,68,0
2.57,PLFEKH_15015,ybjL,1,120,0,8,0
11.5,PLFEKH_15035,ybjI,1,102,0,8,0
5.28,PLFEKH_15055,deoR,1,283,0,19,0
382,PLFEKH_15060,dacC,3,2264,2,136,0.00088261253309797
640,PLFEKH_15065,gstB,4,1276,0,64,0
47.2,PLFEKH_15080,rimO,2,618,0,44,0
182,PLFEKH_15105,gsiB,3,560,0,32,0
155,PLFEKH_15120,moeA,3,5345,6,257,0.00112128574098299
4.21,PLFEKH_15125,moeB,1,26,0,2,0
153,PLFEKH_15130,fsaA,3,930,0,30,0
30.3,PLFEKH_15145,ybiV,2,430,0,25,0
14,PLFEKH_15150,ybiU,1,147,0,7,0
133,PLFEKH_15160,ybiT,3,3751,0,176,0
571,PLFEKH_15165,ldtB,4,6271,6,254,0.00095587063884021
963,PLFEKH_15190,ompX,4,2393,15,139,0.00622923588039867
2436,PLFEKH_15205,dps,4,8017,10,525,0.00124579544038869
2207,PLFEKH_15210,glnH,4,5619,17,340,0.00301632363378282
41.6,PLFEKH_15215,glnP,2,45,0,5,0
321,PLFEKH_15220,glnQ,3,242,0,16,0
16,PLFEKH_15230,rlmF,1,306,0,13,0
257,PLFEKH_15270,ybiC,3,1740,3,68,0.00172117039586919
270,PLFEKH_15275,ybiB,3,1413,3,90,0.00211864406779661
13,PLFEKH_15295,rhlE,1,138,0,6,0
19.8,PLFEKH_15305,ybhG,1,936,0,45,0
4.66,PLFEKH_15350,ybhL,1,32,0,4,0
129,PLFEKH_15355,moaE,3,990,0,51,0
67,PLFEKH_15360,moaD,2,310,0,10,0
112,PLFEKH_15365,moaC,2,122,0,10,0
648,PLFEKH_15370,moaB,4,1264,1,100,0.000790513833992095
74.1,PLFEKH_15390,uvrB,2,2431,1,119,0.000411184210526316
178,PLFEKH_15420,ybhB,3,763,2,39,0.00261437908496732
78.3,PLFEKH_15425,ybhC,2,2448,3,95,0.00122399020807834
718,PLFEKH_15455,pgl,4,2148,3,102,0.00139470013947001
10.9,PLFEKH_15460,ybhA,1,1660,1,98,0.000602046959662854
22.4,PLFEKH_15465,modC,1,418,0,19,0
591,PLFEKH_15475,modA,4,1723,0,97,0
57.7,PLFEKH_15485,modE,2,2560,0,131,0
354,PLFEKH_15495,galE,3,3376,3,179,0.000887836638058597
412,PLFEKH_15500,galT,3,412,0,28,0
286,PLFEKH_15505,galK,3,4239,5,186,0.00117813383600377
550,PLFEKH_15510,galM,4,3720,0,196,0
4480,PLFEKH_15515,gpmA,4,4081,9,263,0.00220048899755501
791,PLFEKH_15520,aroG,4,2057,0,116,0
279,PLFEKH_15580,ybgF,3,963,0,44,0
619,PLFEKH_15585,pal,4,2093,2,128,0.000954653937947494
733,PLFEKH_15590,tolB,4,3666,1,180,0.000272702481592582
41.8,PLFEKH_15600,tolR,2,80,0,8,0
66.9,PLFEKH_15605,tolQ,2,123,0,9,0
28.6,PLFEKH_15610,ybgC,2,276,0,12,0
573,PLFEKH_15625,cydB,4,212,0,19,0
738,PLFEKH_15630,cydA,4,2061,3,134,0.00145348837209302
3.13,PLFEKH_15645,mngR,1,92,0,4,0
1908,PLFEKH_15650,sucD,4,5299,13,344,0.00244728915662651
1948,PLFEKH_15655,sucC,4,11434,23,662,0.00200750632800908
1392,PLFEKH_15665,sucB,4,6720,14,394,0.00207900207900208
692,PLFEKH_15670,sucA,4,10595,12,603,0.00113132836805883
887,PLFEKH_15680,sdhB,4,1569,2,109,0.00127307447485678
796,PLFEKH_15685,sdhA,4,5277,7,307,0.00132475397426192
340,PLFEKH_15690,sdhD,3,58,0,6,0
209,PLFEKH_15695,sdhC,3,216,0,18,0
1557,PLFEKH_15705,gltA,4,9064,32,465,0.00351802990325418
9.68,PLFEKH_15740,ybgL,1,312,0,12,0
68.1,PLFEKH_15745,ybgK,2,9,0,1,0
70.6,PLFEKH_15750,ybgJ,2,264,0,12,0
403,PLFEKH_15755,ybgI,3,1226,0,73,0
519,PLFEKH_15870,pgm,4,5662,2,293,0.000353107344632768
192,PLFEKH_15875,seqA,3,701,2,50,0.00284495021337127
142,PLFEKH_15880,ybfF,3,967,0,45,0
804,PLFEKH_15890,fldA,4,3842,2,178,0.000520291363163372
572,PLFEKH_15900,fur,4,1948,2,107,0.00102564102564103
515,PLFEKH_15915,glnS,4,6932,6,409,0.000864802536754108
230,PLFEKH_15925,nagE,3,2016,1,115,0.000495785820525533
326,PLFEKH_15930,nagB,3,2657,5,122,0.00187828700225394
134,PLFEKH_15935,nagA,3,2254,0,116,0
51.4,PLFEKH_15940,nagC,2,507,0,36,0
132,PLFEKH_15945,umpH,3,1452,8,69,0.00547945205479452
416,PLFEKH_15955,asnB,3,1062,3,46,0.0028169014084507
55.2,PLFEKH_15995,ubiF,2,1134,0,70,0
64.3,PLFEKH_16000,miaB,2,2585,4,123,0.00154499806875241
296,PLFEKH_16005,ybeZ,3,3558,8,213,0.00224340998317443
109,PLFEKH_16015,ybeX,2,905,0,52,0
6.93,PLFEKH_16020,lnt,1,184,0,8,0
1095,PLFEKH_16030,gltI,4,1237,1,72,0.000807754442649435
130,PLFEKH_16055,rihA,3,2277,1,104,0.000438981562774363
432,PLFEKH_16095,ybeL,3,294,0,18,0
578,PLFEKH_16100,leuS,4,8781,17,481,0.00193225733121164
176,PLFEKH_16105,lptE,3,308,0,20,0
106,PLFEKH_16125,rsfS,2,1216,0,60,0
25.8,PLFEKH_16130,rlmH,2,132,0,6,0
49.3,PLFEKH_16145,rlpA,2,1514,0,54,0
287,PLFEKH_16150,dacA,3,1989,2,139,0.00100452034153692
1234,PLFEKH_16155,ybeD,4,954,3,60,0.00313479623824451
30.1,PLFEKH_16160,lipB,2,85,0,5,0
148,PLFEKH_16170,lipA,3,1027,1,60,0.000972762645914397
3201,PLFEKH_16195,cspE,4,1362,1,66,0.000733675715333822
10.2,PLFEKH_16205,dcuC,1,460,0,24,0
39.5,PLFEKH_16255,rna,2,423,0,23,0
135,PLFEKH_16260,rnk,3,1110,0,48,0
1656,PLFEKH_16275,uspG,4,2885,3,161,0.0010387811634349
503,PLFEKH_16280,ahpF,4,6485,0,357,0
4833,PLFEKH_16285,ahpC,4,8467,48,481,0.00563711098062243
20.3,PLFEKH_16290,dsbG,1,696,0,36,0
568,PLFEKH_16340,entB,4,64,0,4,0
222,PLFEKH_16345,entE,3,128,0,10,0
90.5,PLFEKH_16355,fepB,2,100,0,5,0
82.1,PLFEKH_16430,ybdK,2,76,1,5,0.012987012987013
41.6,PLFEKH_16440,ybdF,2,80,0,5,0
752,PLFEKH_16445,nfsB,4,1626,1,111,0.000614628149969269
8.72,PLFEKH_16450,ybdG,1,267,0,15,0
2.9,PLFEKH_16500,ybcH,1,29,1,3,0.0333333333333333
880,PLFEKH_16515,ompT,4,3906,15,229,0.00382555470543229
204,PLFEKH_16560,borD,3,264,2,17,0.0075187969924812
162,PLFEKH_16710,folD,3,1512,0,61,0
189,PLFEKH_16715,ybcJ,3,35,0,4,0
243,PLFEKH_16725,cysS,3,2266,7,138,0.00307963044434668
1552,PLFEKH_16730,ppiB,4,1853,4,123,0.00215401184706516
660,PLFEKH_16740,purE,4,1102,0,44,0
70.7,PLFEKH_16745,purK,2,396,0,18,0
65,PLFEKH_16780,allE,2,153,0,8,0
78.9,PLFEKH_16825,allR,2,1428,1,88,0.000699790062981106
3.52,PLFEKH_16840,mnmH,1,78,0,6,0
59,PLFEKH_16880,tesA,2,88,0,7,0
40,PLFEKH_16885,ybbO,2,234,0,18,0
539,PLFEKH_16890,ybbN,4,2291,2,78,0.000872219799389446
3.7,PLFEKH_16895,fetB,1,92,0,4,0
9.85,PLFEKH_16900,fetA,1,901,0,39,0
53.1,PLFEKH_16905,qmcA,2,2276,4,119,0.00175438596491228
62.7,PLFEKH_16925,glsA,2,3690,2,111,0.000541711809317443
114,PLFEKH_16930,copA,2,3101,3,145,0.000966494845360825
140,PLFEKH_16970,ybaK,3,95,0,8,0
149,PLFEKH_16975,ushA,3,3229,1,182,0.000309597523219814
19.6,PLFEKH_16985,ybaL,1,190,0,13,0
19.8,PLFEKH_16995,gsk,1,1631,0,73,0
7.68,PLFEKH_17000,aes,1,60,0,5,0
8.58,PLFEKH_17005,hemH,1,36,0,4,0
2164,PLFEKH_17010,adk,4,5079,5,326,0.000983477576711251
766,PLFEKH_17015,htpG,4,7588,2,477,0.000263504611330698
11.8,PLFEKH_17020,recR,1,339,1,22,0.00294117647058823
1000,PLFEKH_17025,ybaB,4,498,2,28,0.004
14.7,PLFEKH_17030,dnaX,1,530,0,33,0
349,PLFEKH_17035,apt,3,3012,2,176,0.0006635700066357
13.6,PLFEKH_17055,mscK,1,372,0,12,0
473,PLFEKH_17065,acrA,4,4293,3,190,0.000698324022346369
74.6,PLFEKH_17070,acrB,2,1897,2,105,0.00105318588730911
7.44,PLFEKH_17085,maa,1,483,0,24,0
40.1,PLFEKH_17090,ylaC,2,240,0,16,0
663,PLFEKH_17115,ybaY,4,2081,2,79,0.000960153624579933
124,PLFEKH_17120,tesB,2,1469,1,69,0.000680272108843537
2.38,PLFEKH_17135,mdlB,1,200,0,8,0
52.7,PLFEKH_17160,queC,2,1020,0,57,0
375,PLFEKH_17175,ppiD,3,5780,9,256,0.00155467265503541
8148,PLFEKH_17180,hupB,4,3737,4,208,0.00106923282544774
471,PLFEKH_17185,lon,4,9974,12,607,0.00120168235529742
499,PLFEKH_17195,clpX,4,7895,7,396,0.000885851683118198
1011,PLFEKH_17200,clpP,4,2361,1,118,0.000423370025402202
2559,PLFEKH_17205,tig,4,13018,28,860,0.00214625172466656
255,PLFEKH_17210,bolA,3,348,0,19,0
388,PLFEKH_17215,yajG,3,1991,3,89,0.00150451354062187
282,PLFEKH_17225,cyoA,3,1158,3,55,0.00258397932816537
140,PLFEKH_17230,cyoB,3,136,0,8,0
1371,PLFEKH_17255,yajQ,4,2067,0,138,0
6.95,PLFEKH_17260,panE,1,714,0,17,0
132,PLFEKH_17265,yajL,3,2226,0,103,0
58.5,PLFEKH_17270,thiI,2,1670,0,84,0
61.7,PLFEKH_17280,ispA,2,2552,1,119,0.000391696043869957
59.5,PLFEKH_17285,dxs,2,1988,0,129,0
231,PLFEKH_17290,yajO,3,592,1,35,0.00168634064080944
45.7,PLFEKH_17300,thiL,2,1368,0,64,0
289,PLFEKH_17305,nusB,3,40,0,4,0
1457,PLFEKH_17310,ribE,4,6544,17,326,0.00259106843468983
58.9,PLFEKH_17315,ribD,2,696,0,46,0
107,PLFEKH_17320,nrdR,2,384,0,32,0
195,PLFEKH_17330,tsx,3,1038,1,60,0.000962463907603465
300,PLFEKH_17335,yajD,3,16,0,2,0
68.1,PLFEKH_17340,secF,2,255,0,15,0
121,PLFEKH_17345,secD,2,1618,0,81,0
1556,PLFEKH_17350,yajC,4,997,0,56,0
44.3,PLFEKH_17355,tgt,2,1310,0,73,0
12.2,PLFEKH_17360,queA,1,1608,0,64,0
1.26,PLFEKH_17370,malZ,1,30,0,3,0
6.39,PLFEKH_17380,brnQ,1,84,0,6,0
18.9,PLFEKH_17390,phoB,1,304,2,15,0.0065359477124183
38.8,PLFEKH_17400,sbcC,2,120,0,6,0
121,PLFEKH_17415,mak,2,1643,2,79,0.00121580547112462
185,PLFEKH_17420,rdgC,3,1853,1,103,0.000539374325782093
584,PLFEKH_17435,yaiE,4,44,0,4,0
94.1,PLFEKH_17440,aroM,2,1228,0,52,0
69.8,PLFEKH_17450,aroL,2,222,2,8,0.00892857142857143
289,PLFEKH_17460,proC,3,2702,6,93,0.00221565731166913
38.6,PLFEKH_17475,phoA,2,1224,0,54,0
161,PLFEKH_17485,ddlA,3,2925,1,177,0.000341763499658237
6.77,PLFEKH_17500,yaiW,1,93,0,9,0
5.5,PLFEKH_17515,ampH,1,115,0,5,0
194,PLFEKH_17545,hemB,3,2350,1,117,0.000425350914504466
143,PLFEKH_17610,frmA,3,1857,1,88,0.000538213132400431
12.1,PLFEKH_17665,mhpE,1,4813,7,245,0.00145228215767635
5.25,PLFEKH_17670,mhpF,1,5367,6,254,0.00111669458403127
0.925,PLFEKH_17675,mhpD,1,4697,3,182,0.000638297872340425
983,PLFEKH_17685,pepD,4,7044,12,419,0.00170068027210884
883,PLFEKH_17775,gmhA,4,1730,3,106,0.00173110213502597
518,PLFEKH_17785,ivy,4,929,0,56,0
15.8,PLFEKH_17790,yafV,1,324,0,18,0
6.67,PLFEKH_17820,rnhA,1,32,0,2,0
180,PLFEKH_17830,gloB,3,872,2,55,0.0022883295194508
16.1,PLFEKH_17850,yafC,1,139,0,11,0
122,PLFEKH_17855,dkgB,2,423,0,18,0
42.3,PLFEKH_17895,gmhB,2,1287,1,49,0.00077639751552795
108,PLFEKH_17900,metN,2,886,0,42,0
24.3,PLFEKH_17905,metI,1,216,0,12,0
2301,PLFEKH_17910,metQ,4,2655,0,140,0
166,PLFEKH_17915,rcsF,3,524,0,28,0
5.13,PLFEKH_17920,tsaA,1,40,0,3,0
748,PLFEKH_17925,proS,4,8618,5,524,0.000579844601646759
7.65,PLFEKH_17975,ldcC,1,442,3,20,0.00674157303370787
724,PLFEKH_17980,accA,4,8005,7,441,0.000873689465801298
4.72,PLFEKH_17985,dnaE,1,129,0,9,0
66.1,PLFEKH_17995,lpxB,2,434,0,24,0
403,PLFEKH_18000,lpxA,3,1589,0,85,0
637,PLFEKH_18005,fabZ,4,892,1,61,0.00111982082866741
207,PLFEKH_18010,lpxD,3,1836,2,69,0.00108813928182807
1668,PLFEKH_18015,skp,4,3474,3,174,0.000862812769628991
305,PLFEKH_18020,bamA,3,4000,9,248,0.00224494886505363
58,PLFEKH_18040,ispU,2,231,0,7,0
4.81,PLFEKH_18045,dxr,1,274,0,20,0
1766,PLFEKH_18050,frr,4,5475,2,264,0.000365163410626255
349,PLFEKH_18055,pyrH,3,2709,6,134,0.00220994475138122
3538,PLFEKH_18060,tsf,4,6857,21,410,0.00305321314335563
3405,PLFEKH_18070,rpsB,4,6580,56,408,0.00843881856540084
356,PLFEKH_18080,map,3,2313,0,133,0
22.3,PLFEKH_18085,glnD,1,100,0,9,0
1464,PLFEKH_18090,dapD,4,4524,10,256,0.00220555800617556
1060,PLFEKH_18100,yaeH,4,1308,1,94,0.000763941940412529
3.22,PLFEKH_18105,cdaR,1,20,0,2,0
753,PLFEKH_18110,degP,4,5451,3,281,0.00055005500550055
5.95,PLFEKH_18115,dgt,1,10,0,1,0
265,PLFEKH_18120,mtn,3,3842,7,160,0.00181865419589504
283,PLFEKH_18135,erpA,3,1235,2,59,0.00161681487469685
423,PLFEKH_18155,hemL,3,4266,10,207,0.00233863423760524
103,PLFEKH_18175,fhuA,2,934,1,49,0.00106951871657754
41,PLFEKH_18180,mrcB,2,2001,1,94,0.000499500499500499
711,PLFEKH_18200,dksA,4,1232,5,53,0.00404203718674212
35.6,PLFEKH_18210,pcnB,2,285,0,22,0
6.14,PLFEKH_18215,folK,1,90,0,5,0
906,PLFEKH_18255,panB,4,4858,5,185,0.00102817191034341
508,PLFEKH_18260,panC,4,3804,4,225,0.00105042016806723
130,PLFEKH_18270,panD,3,54,0,4,0
67.5,PLFEKH_18290,yadG,2,130,0,10,0
668,PLFEKH_18295,can,4,1789,1,130,0.000558659217877095
309,PLFEKH_18300,hpt,3,1963,0,122,0
77.1,PLFEKH_18305,gcd,2,544,0,24,0
92.1,PLFEKH_18310,cueO,2,2343,1,87,0.000426621160409556
164,PLFEKH_18320,speE,3,1227,0,68,0
92.6,PLFEKH_18325,speD,2,310,1,19,0.00321543408360129
1786,PLFEKH_18335,acnB,4,21188,46,1016,0.00216633700668739
2230,PLFEKH_18345,lpd,4,12262,30,656,0.00244061178001952
1607,PLFEKH_18350,aceF,4,14703,18,721,0.00122274302017526
2473,PLFEKH_18355,aceE,4,19321,45,980,0.00232366002272023
10.5,PLFEKH_18375,ampE,1,90,0,5,0
7,PLFEKH_18380,ampD,1,120,0,10,0
157,PLFEKH_18385,nadC,3,1241,0,65,0
330,PLFEKH_18405,guaC,3,1200,4,55,0.00332225913621262
7.57,PLFEKH_18415,coaE,1,132,0,6,0
75.6,PLFEKH_18420,zapD,2,931,0,61,0
328,PLFEKH_18450,secA,3,8586,8,490,0.000930882010705143
41.6,PLFEKH_18460,lpxC,2,190,1,12,0.00523560209424084
868,PLFEKH_18465,ftsZ,4,8125,10,424,0.00122925629993854
156,PLFEKH_18475,ftsA,3,2872,1,112,0.000348068221371389
60.9,PLFEKH_18485,ddlB,2,2355,1,116,0.000424448217317487
86.1,PLFEKH_18490,murC,2,983,0,52,0
46.4,PLFEKH_18495,murG,2,849,0,47,0
78.7,PLFEKH_18505,murD,2,887,1,42,0.00112612612612613
59,PLFEKH_18515,murF,2,1761,0,76,0
119,PLFEKH_18520,murE,2,2880,1,151,0.000347101700798334
108,PLFEKH_18535,rsmH,2,1413,0,89,0
73.9,PLFEKH_18545,cra,2,1512,1,64,0.000660938532716457
684,PLFEKH_18585,leuC,4,45,0,5,0
855,PLFEKH_18590,leuD,4,105,0,5,0
152,PLFEKH_18615,thiB,3,724,0,48,0
48.5,PLFEKH_18675,rapA,2,2978,10,160,0.00334672021419009
43.5,PLFEKH_18695,djlA,2,16,0,2,0
93.4,PLFEKH_18700,lptD,2,3266,5,186,0.00152858453072455
586,PLFEKH_18705,surA,4,4491,5,290,0.00111209964412811
19.4,PLFEKH_18710,pdxA,1,710,1,38,0.00140646976090014
67.4,PLFEKH_18715,rsmA,2,1335,5,67,0.00373134328358209
9.35,PLFEKH_18720,apaG,1,96,0,12,0
21.5,PLFEKH_18725,apaH,1,689,0,42,0
563,PLFEKH_18805,carB,4,5286,4,291,0.000756143667296786
557,PLFEKH_18810,carA,4,3264,4,152,0.00122399020807834
261,PLFEKH_18820,dapB,3,898,0,51,0
71.9,PLFEKH_18825,rihC,2,1949,0,102,0
86.4,PLFEKH_18830,ispH,2,1677,1,86,0.000595947556615018
243,PLFEKH_18835,fkpB,3,1630,1,75,0.000613120784794605
511,PLFEKH_18845,ileS,4,10415,11,557,0.00105505467101477
34.6,PLFEKH_18850,ribF,2,1999,2,102,0.000999500249875062
4401,PLFEKH_18855,rpsT,4,1108,0,100,0
0.899,PLFEKH_18870,nhaR,1,132,0,6,0
243,PLFEKH_18900,dnaJ,3,814,3,57,0.00367197062423501
4741,PLFEKH_18910,dnaK,4,33866,77,1644,0.00226850897092184
75.3,PLFEKH_18930,mog,2,2062,2,124,0.000968992248062015
2267,PLFEKH_18935,talB,4,9933,10,536,0.00100573267625465
80.3,PLFEKH_18945,yaaA,2,1367,0,79,0
889,PLFEKH_18955,thrC,4,2324,0,113,0
498,PLFEKH_18965,thrA,4,813,0,34,0
17.4,PLFEKH_18975,yjtD,1,120,0,8,0
1436,PLFEKH_18980,arcA,4,3831,10,220,0.00260348867482426
84.4,PLFEKH_19000,creA,2,1276,0,67,0
153,PLFEKH_19005,rob,3,1379,0,80,0
92.3,PLFEKH_19010,ytjC,2,330,0,26,0
28.5,PLFEKH_19015,yjjX,2,208,0,16,0
71,PLFEKH_19025,slt,2,570,1,37,0.00175131348511384
608,PLFEKH_19030,ettA,4,8855,8,468,0.000902628906690737
39.3,PLFEKH_19045,nadR,2,173,0,20,0
11.4,PLFEKH_19050,radA,1,1190,0,55,0
25.6,PLFEKH_19055,serB,2,196,0,9,0
25.1,PLFEKH_19065,lplA,2,1018,0,53,0
0.944,PLFEKH_19070,yjjJ,1,88,0,5,0
988,PLFEKH_19075,deoD,4,3747,5,239,0.00133262260127932
801,PLFEKH_19080,deoB,4,3735,3,223,0.000802568218298555
171,PLFEKH_19085,deoA,3,3803,3,210,0.000788229111928534
614,PLFEKH_19090,deoC,4,3740,5,227,0.0013351134846462
1.73,PLFEKH_19095,yjjI,1,1581,0,88,0
21,PLFEKH_19130,yjjU,1,120,0,6,0
1043,PLFEKH_19140,osmY,4,1310,0,80,0
142,PLFEKH_19145,prfC,3,3561,1,199,0.000280741156653565
2.7,PLFEKH_19150,yjjG,1,75,0,5,0
3.86,PLFEKH_19155,rimI,1,9,0,1,0
62.4,PLFEKH_19165,rsmC,2,1816,1,110,0.000550357732526142
8.57,PLFEKH_19215,dnaT,1,110,0,5,0
70.3,PLFEKH_19225,yjjA,2,161,0,7,0
2.18,PLFEKH_19230,opgB,1,221,1,17,0.0045045045045045
68.5,PLFEKH_19255,yjiY,2,699,0,51,0
38.4,PLFEKH_19265,yjiA,2,1690,6,107,0.0035377358490566
9.18,PLFEKH_19270,mrr,1,320,0,18,0
16.9,PLFEKH_19275,hsdR,1,3719,5,235,0.00134264232008593
37.1,PLFEKH_19280,hsdM,2,1456,0,107,0
3.01,PLFEKH_19285,hsdS,1,911,0,55,0
1.31,PLFEKH_19300,mcrB,1,48,0,3,0
1.79,PLFEKH_19350,yjiM,1,928,0,53,0
0.187,PLFEKH_19355,yjiL,1,380,0,20,0
42.8,PLFEKH_19390,iadA,2,1619,0,85,0
57.5,PLFEKH_19425,uxuB,2,1658,2,94,0.00120481927710843
193,PLFEKH_19430,uxuA,3,2108,11,133,0.00519112789051439
20.7,PLFEKH_19460,fimC,1,673,3,37,0.00443786982248521
9.26,PLFEKH_19500,nanM,1,818,0,36,0
53,PLFEKH_19585,yjhU,2,680,0,53,0
22.7,PLFEKH_19615,fecA,1,2340,0,100,0
3.03,PLFEKH_19620,fecB,1,313,0,17,0
25.8,PLFEKH_19680,yjhC,2,271,0,25,0
66.3,PLFEKH_19730,ahr,2,165,0,13,0
0.296,PLFEKH_19740,idnD,1,10,0,1,0
5,PLFEKH_19745,idnO,1,228,0,14,0
27.1,PLFEKH_19765,lptG,2,252,0,12,0
22.5,PLFEKH_19770,lptF,1,73,1,5,0.0135135135135135
310,PLFEKH_19775,pepA,3,3486,2,162,0.000573394495412844
411,PLFEKH_19790,valS,3,14305,10,747,0.00069856793573175
1353,PLFEKH_19805,rraB,4,735,1,24,0.00135869565217391
382,PLFEKH_19820,tabA,3,1307,1,56,0.000764525993883792
4.78,PLFEKH_19825,bdcR,1,112,0,4,0
2647,PLFEKH_19840,pyrB,4,689,0,31,0
2023,PLFEKH_19845,pyrI,4,160,0,8,0
3826,PLFEKH_19850,ridA,4,3465,14,121,0.00402414486921529
16.3,PLFEKH_19855,mgtA,1,3325,2,196,0.000601142170123234
21.8,PLFEKH_19870,treB,1,1998,5,101,0.00249625561657514
31,PLFEKH_19875,treC,2,3524,3,250,0.000850581230507513
38.3,PLFEKH_19880,nrdD,2,2221,1,129,0.00045004500450045
2.41,PLFEKH_19885,nrdG,1,264,0,12,0
268,PLFEKH_19895,pmbA,3,4066,7,213,0.00171863491284066
458,PLFEKH_19900,yjgA,4,455,0,20,0
114,PLFEKH_19910,mpl,2,3065,2,158,0.0006521030322791
320,PLFEKH_19915,fbp,3,3866,2,225,0.000517063081695967
537,PLFEKH_19940,ytfQ,4,818,1,53,0.00122100122100122
2812,PLFEKH_19945,ppa,4,2580,11,142,0.004245465071401
101,PLFEKH_19960,ytfP,2,585,0,44,0
5.56,PLFEKH_19965,tamB,1,766,0,34,0
16.5,PLFEKH_19970,tamA,1,204,0,12,0
387,PLFEKH_19975,msrA,3,335,0,16,0
8,PLFEKH_19990,ytfL,1,300,0,16,0
313,PLFEKH_20000,ytfJ,3,980,0,58,0
362,PLFEKH_20010,cysQ,3,897,0,44,0
94.7,PLFEKH_20020,cpdB,2,5430,5,268,0.000919963201471941
34.3,PLFEKH_20030,qorB,2,1230,0,65,0
11.1,PLFEKH_20040,ytfE,1,233,0,17,0
796,PLFEKH_20050,fklB,4,2240,6,121,0.00267141585040071
4337,PLFEKH_20070,rplI,4,3119,12,217,0.00383264132864899
3890,PLFEKH_20075,rpsR,4,1420,1,96,0.000703729767769177
3534,PLFEKH_20085,rpsF,4,1897,15,115,0.00784518828451883
8.8,PLFEKH_20130,ulaR,1,192,0,13,0
22.9,PLFEKH_20135,yjfP,1,126,0,9,0
14.7,PLFEKH_20150,aidB,1,1096,5,75,0.00454132606721163
85.7,PLFEKH_20185,rlmB,2,481,0,32,0
205,PLFEKH_20190,rnr,3,4607,5,227,0.00108412836079792
30.2,PLFEKH_20195,nsrR,2,472,2,25,0.00421940928270042
2371,PLFEKH_20200,purA,4,13503,45,699,0.0033215234720992
313,PLFEKH_20210,hflC,3,1395,0,86,0
383,PLFEKH_20215,hflK,3,1334,0,79,0
88.4,PLFEKH_20220,hflX,2,1857,0,105,0
1027,PLFEKH_20225,hfq,4,969,0,62,0
10.4,PLFEKH_20230,miaA,1,135,0,5,0
4.12,PLFEKH_20240,amiB,1,186,0,10,0
96.3,PLFEKH_20245,tsaE,2,592,0,40,0
30.2,PLFEKH_20250,nnr,2,230,0,10,0
151,PLFEKH_20275,orn,3,394,0,32,0
83.7,PLFEKH_20280,rsgA,2,967,1,61,0.00103305785123967
313,PLFEKH_20285,psd,3,628,3,37,0.00475435816164818
1.53,PLFEKH_20290,mscM,1,666,1,31,0.00149925037481259
262,PLFEKH_20315,frdA,3,5398,12,317,0.0022181146025878
383,PLFEKH_20320,frdB,3,2414,2,137,0.000827814569536424
48.4,PLFEKH_20325,frdC,2,138,0,15,0
7.86,PLFEKH_20335,ampC,1,48,0,4,0
47,PLFEKH_20340,blc,2,125,1,7,0.00793650793650794
1091,PLFEKH_20350,ecnB,4,285,0,15,0
833,PLFEKH_20360,efp,4,787,10,51,0.0125470514429109
544,PLFEKH_20375,yjeI,4,936,2,36,0.00213219616204691
5112,PLFEKH_20380,groL,4,46162,163,2028,0.00351861845655693
4556,PLFEKH_20385,groS,4,2537,12,201,0.00470772852098862
1414,PLFEKH_20400,aspA,4,17302,41,832,0.00236406619385343
99.8,PLFEKH_20410,dcuA,2,120,0,14,0
2.41,PLFEKH_20420,dsbD,1,57,0,3,0
242,PLFEKH_20425,yjdC,3,96,0,4,0
0.063,PLFEKH_20440,cadB,1,18,0,2,0
8.83,PLFEKH_20445,cadA,1,10152,13,527,0.00127889818002951
406,PLFEKH_20455,lysU,3,3049,13,173,0.00424559111691705
1.03,PLFEKH_20465,ghoS,1,585,1,26,0.00170648464163823
54.3,PLFEKH_20470,yjdJ,2,300,0,12,0
15.2,PLFEKH_20490,dcuB,1,71,0,7,0
123,PLFEKH_20495,fumB,2,1322,2,79,0.00151057401812689
3.42,PLFEKH_20520,adiA,1,239,1,15,0.00416666666666667
92.2,PLFEKH_20540,basR,2,144,0,6,0
112,PLFEKH_20560,proP,2,52,0,4,0
440,PLFEKH_20575,yjdM,3,593,0,41,0
52.8,PLFEKH_20695,rpiB,2,30,0,3,0
6.48,PLFEKH_20700,alsR,1,282,0,21,0
37.4,PLFEKH_20705,alsB,2,625,0,37,0
6.04,PLFEKH_20755,fdhF,1,503,1,28,0.00198412698412698
0.238,PLFEKH_20760,yjcO,1,68,0,4,0
5.06,PLFEKH_20785,gltP,1,198,0,6,0
13.7,PLFEKH_20810,nrfC,1,228,0,12,0
28.5,PLFEKH_20820,nrfA,2,30,0,2,0
1420,PLFEKH_20830,acs,4,55,0,5,0
125,PLFEKH_20860,ghxP,3,14,2,2,0.125
546,PLFEKH_20890,ssb,4,1184,0,88,0
65.3,PLFEKH_20895,uvrA,2,3884,3,194,0.000771803447388732
315,PLFEKH_20900,yjbR,3,182,0,18,0
41.2,PLFEKH_20905,yjbQ,2,146,0,9,0
81.8,PLFEKH_20910,aphA,2,1796,0,88,0
339,PLFEKH_20920,tyrB,3,1458,0,95,0
18.4,PLFEKH_20925,alr,1,336,0,23,0
35,PLFEKH_20930,dnaB,2,1300,0,81,0
731,PLFEKH_20935,qorA,4,2554,0,143,0
41.8,PLFEKH_20945,dusA,2,494,0,25,0
74.1,PLFEKH_20960,zur,2,596,0,35,0
1434,PLFEKH_20965,yjbJ,4,392,0,32,0
70.4,PLFEKH_20975,lexA,2,1463,0,71,0
19.5,PLFEKH_20980,dgkA,1,9,0,1,0
128,PLFEKH_20985,plsB,3,2725,1,161,0.000366837857666911
9.06,PLFEKH_20995,ubiC,1,104,1,6,0.00952380952380952
571,PLFEKH_21015,malM,4,4834,3,162,0.000620219144097581
110,PLFEKH_21025,lamB,2,2961,9,172,0.00303030303030303
166,PLFEKH_21030,malK,3,2244,0,114,0
1676,PLFEKH_21040,malE,4,11844,26,612,0.00219039595619208
1.28,PLFEKH_21050,malF,1,76,0,4,0
1250,PLFEKH_21100,pgi,4,7557,6,413,0.000793335977786593
184,PLFEKH_21105,lysC,3,1996,0,112,0
12.4,PLFEKH_21115,rluF,1,366,0,28,0
142,PLFEKH_21120,pepE,3,6906,4,256,0.000578871201157742
65.7,PLFEKH_21130,metH,2,2081,1,111,0.00048030739673391
3.12,PLFEKH_21135,iclR,1,66,0,6,0
6737,PLFEKH_21155,aceA,4,3203,1,162,0.00031210986267166
1972,PLFEKH_21160,aceB,4,942,1,58,0.00106044538706257
675,PLFEKH_21205,purH,4,1060,1,62,0.000942507068803016
432,PLFEKH_21210,purD,3,834,2,37,0.00239234449760765
5456,PLFEKH_21240,hupA,4,4319,12,222,0.00277072269683676
72.2,PLFEKH_21245,yjaG,2,72,0,6,0
103,PLFEKH_21255,hemE,2,1342,4,66,0.00297176820208024
17,PLFEKH_21260,nudC,1,151,0,9,0
1414,PLFEKH_21310,rpoC,4,27155,55,1488,0.00202131569276001
1352,PLFEKH_21315,rpoB,4,31378,33,1605,0.00105058737384993
12183,PLFEKH_21325,rplL,4,2913,5,134,0.00171350239890336
4071,PLFEKH_21330,rplJ,4,2733,0,148,0
3815,PLFEKH_21335,rplA,4,9281,21,569,0.00225757901526553
3190,PLFEKH_21340,rplK,4,1671,17,115,0.0100710900473934
934,PLFEKH_21345,nusG,4,2360,3,127,0.00126957257723233
34.1,PLFEKH_21350,secE,2,72,0,8,0
29.7,PLFEKH_21380,coaA,2,582,0,43,0
13.5,PLFEKH_21385,birA,1,682,2,34,0.00292397660818713
40.7,PLFEKH_21390,murB,2,567,1,25,0.00176056338028169
10.9,PLFEKH_21420,murI,1,354,0,22,0
38.5,PLFEKH_21425,btuB,2,2725,3,142,0.00109970674486804
34,PLFEKH_21430,trmA,2,1515,0,65,0
41.4,PLFEKH_21440,fabR,2,156,0,12,0
325,PLFEKH_21445,sthA,3,3862,6,194,0.0015511892450879
151,PLFEKH_21450,oxyR,3,789,0,53,0
164,PLFEKH_21460,argH,3,305,0,18,0
212,PLFEKH_21465,argB,3,200,0,10,0
797,PLFEKH_21485,ppc,4,9625,5,546,0.000519210799584631
17.1,PLFEKH_21490,eptC,1,441,1,22,0.00226244343891403
4.02,PLFEKH_21525,frwA,1,416,0,16,0
7.19,PLFEKH_21530,fsaB,1,600,0,24,0
229,PLFEKH_21535,gldA,3,3894,2,177,0.000513347022587269
1220,PLFEKH_21550,katG,4,8956,4,451,0.000446428571428571
66.8,PLFEKH_21560,metL,2,1422,0,91,0
227,PLFEKH_21565,metB,3,65,0,5,0
536,PLFEKH_21570,metJ,4,96,0,12,0
1393,PLFEKH_21585,rpmE,4,521,0,37,0
4.58,PLFEKH_21595,cytR,1,137,0,13,0
181,PLFEKH_21605,hslV,3,1012,1,49,0.000987166831194472
409,PLFEKH_21610,hslU,3,3805,5,252,0.00131233595800525
446,PLFEKH_21620,rraA,3,4747,14,201,0.00294055870615417
61.6,PLFEKH_21630,glpF,2,9,0,1,0
1038,PLFEKH_21635,glpK,4,18614,97,1027,0.00518411629522741
12,PLFEKH_21640,glpX,1,958,2,64,0.00208333333333333
118,PLFEKH_21645,fpr,2,878,1,51,0.00113765642775882
208,PLFEKH_21650,uspD,3,1539,2,107,0.00129785853341986
215,PLFEKH_21655,yiiS,3,424,0,23,0
2342,PLFEKH_21670,tpiA,4,17035,31,559,0.00181647720614087
6.51,PLFEKH_21675,cdh,1,178,0,12,0
21.5,PLFEKH_21680,sbp,1,1648,2,80,0.00121212121212121
802,PLFEKH_21690,pfkA,4,3636,14,209,0.00383561643835616
883,PLFEKH_21705,cpxR,4,1475,3,89,0.0020297699594046
7.65,PLFEKH_21710,cpxA,1,276,0,18,0
135,PLFEKH_21720,yiiM,3,793,1,50,0.00125944584382871
5547,PLFEKH_21730,sodA,4,4795,17,189,0.00353283458021613
5.04,PLFEKH_21815,fdhD,1,108,0,4,0
78.9,PLFEKH_21820,fdoG,2,2747,0,126,0
51.3,PLFEKH_21825,fdoH,2,86,1,7,0.0114942528735632
71.5,PLFEKH_21835,fdhE,2,828,5,55,0.00600240096038415
67.1,PLFEKH_21855,yiiD,2,511,1,35,0.001953125
107,PLFEKH_21860,dtd,2,134,0,13,0
122,PLFEKH_21870,yihX,2,667,0,40,0
33.2,PLFEKH_21875,yihW,2,238,2,12,0.00833333333333333
6.43,PLFEKH_21930,yihM,1,140,0,10,0
585,PLFEKH_21945,typA,4,7211,7,419,0.000969797727902466
1413,PLFEKH_21955,glnA,4,6596,19,322,0.00287226001511716
22.6,PLFEKH_21960,glnL,1,175,0,7,0
69.4,PLFEKH_21965,glnG,2,24,0,2,0
9.41,PLFEKH_21980,hemN,1,631,0,40,0
285,PLFEKH_21985,yihI,3,272,0,20,0
167,PLFEKH_22000,yihA,3,909,0,64,0
248,PLFEKH_22010,polA,3,11110,10,580,0.000899280575539568
392,PLFEKH_22030,dsbA,3,2053,3,107,0.00145914396887159
2.72,PLFEKH_22035,srkA,1,70,0,5,0
15.3,PLFEKH_22045,mobA,1,270,0,18,0
42.9,PLFEKH_22085,hemG,2,59,0,7,0
410,PLFEKH_22100,pepQ,3,3370,2,223,0.000593119810201661
282,PLFEKH_22105,fadB,3,1479,1,87,0.000675675675675676
205,PLFEKH_22110,fadA,3,235,2,18,0.00843881856540084
103,PLFEKH_22125,fre,2,1052,0,62,0
82.5,PLFEKH_22130,ubiD,2,3591,1,136,0.000278396436525612
11.6,PLFEKH_22135,rfaH,1,296,0,20,0
9.38,PLFEKH_22140,tatD,1,256,0,22,0
51,PLFEKH_22145,tatC,2,17,0,1,0
313,PLFEKH_22155,tatA,3,25,0,2,0
10.7,PLFEKH_22160,ubiB,1,60,0,6,0
23.3,PLFEKH_22170,ubiJ,1,80,0,4,0
260,PLFEKH_22175,ubiE,3,1904,0,124,0
2037,PLFEKH_22185,udp,4,4918,4,219,0.000812677773262901
327,PLFEKH_22190,ysgA,3,501,1,23,0.00199203187250996
2005,PLFEKH_22195,metE,4,1103,0,67,0
39.4,PLFEKH_22210,yigL,2,1270,0,61,0
23,PLFEKH_22235,pldA,1,336,0,24,0
155,PLFEKH_22260,corA,3,181,0,11,0
42.3,PLFEKH_22270,uvrD,2,974,0,71,0
42.2,PLFEKH_22275,yigB,2,1066,5,49,0.00466853408029879
6.3,PLFEKH_22280,xerC,1,60,0,5,0
11.2,PLFEKH_22285,yigA,1,112,0,8,0
64.6,PLFEKH_22290,dapF,2,232,0,16,0
164,PLFEKH_22300,cyaY,3,420,0,33,0
23.2,PLFEKH_22310,hemC,1,1747,0,98,0
171,PLFEKH_22320,hemX,3,706,1,34,0.00141442715700141
89.6,PLFEKH_22325,hemY,2,734,0,54,0
21.3,PLFEKH_22375,wecG,1,15,1,1,0.0625
25,PLFEKH_22395,wecE,2,1013,2,64,0.00197044334975369
24.5,PLFEKH_22405,rffH,1,107,0,9,0
12.6,PLFEKH_22410,rffG,1,995,3,61,0.0030060120240481
12.9,PLFEKH_22415,wecC,1,1284,1,56,0.000778210116731518
41.1,PLFEKH_22420,wecB,2,661,1,38,0.00151057401812689
39.6,PLFEKH_22425,wzzE,2,862,0,41,0
1630,PLFEKH_22440,rho,4,6405,11,414,0.001714463840399
1907,PLFEKH_22445,trxA,4,3122,13,197,0.00414673046251994
209,PLFEKH_22450,rhlB,3,1904,1,108,0.0005249343832021
15.7,PLFEKH_22455,gpp,1,60,0,3,0
7.62,PLFEKH_22460,rep,1,222,0,14,0
324,PLFEKH_22470,ppiC,3,913,1,65,0.00109409190371991
2107,PLFEKH_22475,ilvC,4,10,0,1,0
66.8,PLFEKH_22490,ilvD,2,141,0,11,0
278,PLFEKH_22495,ilvE,3,644,4,40,0.00617283950617284
1427,PLFEKH_22530,yifE,4,481,0,34,0
41.7,PLFEKH_22575,yieP,2,842,0,37,0
58.7,PLFEKH_22590,rbsK,2,4891,2,201,0.00040874718986307
1880,PLFEKH_22595,rbsB,4,12370,33,581,0.00266064661775377
5.46,PLFEKH_22600,rbsC,1,450,0,18,0
22,PLFEKH_22605,rbsA,1,804,2,48,0.00248138957816377
265,PLFEKH_22610,rbsD,3,661,0,46,0
13.1,PLFEKH_22620,ravA,1,652,0,44,0
443,PLFEKH_22630,asnA,3,1940,0,80,0
371,PLFEKH_22640,mioC,3,692,0,29,0
38,PLFEKH_22645,mnmG,2,588,0,31,0
22.6,PLFEKH_22650,rsmG,1,1117,1,46,0.000894454382826476
65.3,PLFEKH_22660,atpB,2,252,1,13,0.00395256916996047
636,PLFEKH_22665,atpE,4,106,2,12,0.0185185185185185
1035,PLFEKH_22670,atpF,4,252,0,17,0
882,PLFEKH_22675,atpH,4,860,0,51,0
2663,PLFEKH_22680,atpA,4,10126,31,554,0.00305208230776804
982,PLFEKH_22685,atpG,4,4278,6,222,0.00140056022408964
3329,PLFEKH_22690,atpD,4,13901,37,734,0.0026546132874157
986,PLFEKH_22695,atpC,4,2110,0,78,0
125,PLFEKH_22705,glmU,3,3547,8,198,0.00225035161744022
467,PLFEKH_22710,glmS,4,13227,24,657,0.00181118406158026
510,PLFEKH_22715,pstS,4,4235,4,219,0.000943618778013683
130,PLFEKH_22730,pstB,3,807,0,33,0
116,PLFEKH_22735,phoU,2,176,1,12,0.00564971751412429
828,PLFEKH_22800,chrR,4,4095,6,141,0.00146305779078274
103,PLFEKH_22850,mnmE,2,2894,0,156,0
140,PLFEKH_22855,yidC,3,2323,4,103,0.00171895143962183
25.2,PLFEKH_22860,rnpA,2,192,10,15,0.0495049504950495
2288,PLFEKH_22865,rpmH,4,70,0,8,0
