ecol_01wt,sent
PLFEKH_00005,NP_462738.1
PLFEKH_00015,NP_462737.1
PLFEKH_00020,NP_462736.1
PLFEKH_00025,NP_462735.1
PLFEKH_00040,NP_462731.1
PLFEKH_00050,NP_462730.1
PLFEKH_00055,NP_462729.1
PLFEKH_00065,NP_462728.1
PLFEKH_00070,NP_462727.1
PLFEKH_00080,NP_462711.1
PLFEKH_00090,NP_462709.3
PLFEKH_00095,NP_462708.3
PLFEKH_00100,NP_462707.1
PLFEKH_00135,NP_460100.1
PLFEKH_00150,NP_462706.1
PLFEKH_00155,NP_462705.1
PLFEKH_00160,NP_462704.1
PLFEKH_00165,NP_462699.1
PLFEKH_00175,NP_453107.1
PLFEKH_00185,NP_462696.1
PLFEKH_00190,NP_462695.1
PLFEKH_00195,NP_462694.1
PLFEKH_00200,NP_462689.1
PLFEKH_00205,NP_462688.1
PLFEKH_00210,NP_462687.1
PLFEKH_00215,NP_462686.1
PLFEKH_00230,NP_462685.1
PLFEKH_00235,NP_462675.1
PLFEKH_00240,NP_462673.1
PLFEKH_00250,NP_462664.1
PLFEKH_00265,NP_462650.1
PLFEKH_00270,NP_462649.1
PLFEKH_00275,NP_462648.1
PLFEKH_00285,NP_462646.1
PLFEKH_00290,NP_462644.1
PLFEKH_00295,NP_462643.1
PLFEKH_00300,NP_462642.1
PLFEKH_00305,NP_462641.1
PLFEKH_00315,NP_462639.1
PLFEKH_00320,NP_462638.1
PLFEKH_00330,NP_462635.1
PLFEKH_00335,NP_462634.1
PLFEKH_00345,NP_462633.1
PLFEKH_00350,NP_462632.1
PLFEKH_00355,NP_462631.1
PLFEKH_00360,NP_462630.3
PLFEKH_00365,NP_462629.1
PLFEKH_00370,NP_462628.1
PLFEKH_00375,NP_462627.1
PLFEKH_00380,NP_462626.1
PLFEKH_00385,NP_462625.1
PLFEKH_00390,NP_462624.1
PLFEKH_00395,NP_462623.1
PLFEKH_00400,NP_462622.1
PLFEKH_00405,NP_462621.1
PLFEKH_00415,NP_462619.1
PLFEKH_00420,NP_462618.1
PLFEKH_00425,NP_462617.1
PLFEKH_00430,NP_462616.1
PLFEKH_00435,NP_462615.1
PLFEKH_00450,NP_462612.1
PLFEKH_00455,NP_462611.1
PLFEKH_00460,NP_462610.1
PLFEKH_00470,NP_462609.1
PLFEKH_00480,NP_462607.1
PLFEKH_00485,NP_462606.1
PLFEKH_00490,NP_462605.1
PLFEKH_00495,NP_462604.1
PLFEKH_00500,NP_462603.1
PLFEKH_00505,NP_462602.1
PLFEKH_00510,NP_462601.1
PLFEKH_00515,NP_462600.1
PLFEKH_00520,NP_462599.1
PLFEKH_00525,NP_462595.1
PLFEKH_00530,NP_462594.1
PLFEKH_00535,NP_462593.1
PLFEKH_00545,NP_462589.1
PLFEKH_00550,NP_462588.1
PLFEKH_00555,NP_462587.1
PLFEKH_00560,NP_462586.1
PLFEKH_00565,NP_462585.1
PLFEKH_00600,NP_462584.1
PLFEKH_00605,NP_462583.1
PLFEKH_00610,NP_462582.1
PLFEKH_00615,NP_462925.1
PLFEKH_00620,NP_462580.1
PLFEKH_00650,NP_462577.1
PLFEKH_00655,NP_462576.1
PLFEKH_00660,NP_462575.1
PLFEKH_00665,NP_462574.1
PLFEKH_00670,NP_462573.1
PLFEKH_00675,NP_462572.1
PLFEKH_00680,NP_462571.1
PLFEKH_00685,NP_462569.1
PLFEKH_00690,NP_462568.1
PLFEKH_00695,NP_462567.1
PLFEKH_00710,NP_462565.1
PLFEKH_00715,NP_462564.1
PLFEKH_00725,NP_462563.1
PLFEKH_00730,NP_462562.1
PLFEKH_00750,NP_462561.1
PLFEKH_00755,NP_462560.1
PLFEKH_00770,NP_462558.1
PLFEKH_00775,NP_462557.1
PLFEKH_00780,NP_462556.1
PLFEKH_00785,NP_462555.1
PLFEKH_00820,NP_462549.1
PLFEKH_00825,NP_462548.1
PLFEKH_00830,NP_462547.1
PLFEKH_00835,NP_462546.1
PLFEKH_00845,NP_462544.1
PLFEKH_00850,NP_462543.1
PLFEKH_00855,NP_462542.1
PLFEKH_00860,NP_461509.1
PLFEKH_00865,NP_462536.1
PLFEKH_00895,NP_462530.1
PLFEKH_00900,NP_462529.1
PLFEKH_00910,NP_462527.1
PLFEKH_00925,NP_462525.1
PLFEKH_00930,NP_462524.1
PLFEKH_00935,NP_462523.1
PLFEKH_00940,NP_462522.1
PLFEKH_00945,NP_462521.1
PLFEKH_00950,NP_462520.1
PLFEKH_00955,NP_462519.1
PLFEKH_00960,NP_462518.1
PLFEKH_00965,NP_462517.1
PLFEKH_00970,NP_462516.3
PLFEKH_00975,NP_462515.1
PLFEKH_00980,NP_462514.1
PLFEKH_00985,NP_462513.1
PLFEKH_00990,NP_462512.1
PLFEKH_00995,NP_462511.1
PLFEKH_01000,NP_462510.1
PLFEKH_01005,NP_462509.1
PLFEKH_01015,NP_462507.1
PLFEKH_01020,NP_462504.1
PLFEKH_01025,NP_462720.1
PLFEKH_01085,NP_460521.1
PLFEKH_01145,NP_462498.1
PLFEKH_01150,NP_462497.1
PLFEKH_01155,NP_462495.1
PLFEKH_01160,NP_462494.1
PLFEKH_01165,NP_462493.1
PLFEKH_01180,NP_462491.1
PLFEKH_01195,NP_462489.1
PLFEKH_01220,NP_462488.1
PLFEKH_01225,NP_462487.3
PLFEKH_01230,NP_462486.1
PLFEKH_01255,NP_462485.1
PLFEKH_01285,NP_462484.1
PLFEKH_01290,NP_462483.1
PLFEKH_01295,NP_462482.3
PLFEKH_01300,NP_462481.1
PLFEKH_01305,NP_462480.1
PLFEKH_01310,NP_462479.1
PLFEKH_01315,NP_462477.1
PLFEKH_01320,NP_462476.1
PLFEKH_01325,NP_462475.1
PLFEKH_01330,NP_462474.3
PLFEKH_01335,NP_462473.1
PLFEKH_01340,NP_462472.1
PLFEKH_01345,NP_462471.1
PLFEKH_01350,NP_462470.1
PLFEKH_01355,NP_462469.1
PLFEKH_01360,NP_462468.1
PLFEKH_01365,NP_462466.1
PLFEKH_01370,NP_462465.1
PLFEKH_01375,NP_462464.1
PLFEKH_01380,NP_462463.1
PLFEKH_01385,NP_462462.1
PLFEKH_01390,NP_462461.1
PLFEKH_01395,NP_462458.1
PLFEKH_01405,NP_462456.1
PLFEKH_01415,NP_462454.1
PLFEKH_01420,NP_462453.1
PLFEKH_01425,NP_462452.1
PLFEKH_01460,NP_462447.1
PLFEKH_01470,NP_462446.1
PLFEKH_01475,NP_462445.1
PLFEKH_01480,NP_462444.1
PLFEKH_01485,NP_462443.1
PLFEKH_01490,NP_462442.1
PLFEKH_01500,NP_462440.1
PLFEKH_01510,NP_462439.1
PLFEKH_01515,NP_462438.1
PLFEKH_01520,NP_462437.1
PLFEKH_01525,NP_462436.1
PLFEKH_01530,NP_462435.1
PLFEKH_01540,NP_462428.1
PLFEKH_01545,NP_462427.1
PLFEKH_01550,NP_462426.1
PLFEKH_01560,NP_462424.1
PLFEKH_01565,NP_462422.1
PLFEKH_01570,NP_462421.1
PLFEKH_01575,NP_462418.1
PLFEKH_01580,NP_462417.1
PLFEKH_01585,NP_462416.1
PLFEKH_01595,NP_462414.1
PLFEKH_01600,NP_462413.1
PLFEKH_01605,NP_462412.1
PLFEKH_01615,NP_462410.1
PLFEKH_01620,NP_462409.1
PLFEKH_01625,NP_462408.1
PLFEKH_01630,NP_462407.3
PLFEKH_01635,NP_462406.1
PLFEKH_01640,NP_462405.1
PLFEKH_01645,NP_462404.1
PLFEKH_01650,NP_462403.2
PLFEKH_01655,NP_462402.1
PLFEKH_01660,NP_462401.3
PLFEKH_01665,NP_462400.1
PLFEKH_01670,NP_462399.1
PLFEKH_01675,NP_462398.1
PLFEKH_01680,NP_462397.3
PLFEKH_01685,NP_462396.3
PLFEKH_01690,NP_462395.1
PLFEKH_01695,NP_462394.1
PLFEKH_01700,NP_462393.1
PLFEKH_01705,NP_462392.1
PLFEKH_01710,NP_462391.1
PLFEKH_01715,NP_462390.1
PLFEKH_01720,NP_462389.1
PLFEKH_01725,NP_462388.1
PLFEKH_01730,NP_462387.1
PLFEKH_01740,NP_462385.1
PLFEKH_01745,NP_462384.1
PLFEKH_01770,NP_462451.1
PLFEKH_01790,NP_462503.1
PLFEKH_01795,NP_462501.1
PLFEKH_01805,NP_459564.1
PLFEKH_01810,NP_461299.1
PLFEKH_01815,NP_462383.1
PLFEKH_01820,NP_462380.1
PLFEKH_01825,NP_462379.1
PLFEKH_01830,NP_462378.1
PLFEKH_01835,NP_462377.1
PLFEKH_01840,NP_462376.1
PLFEKH_01845,NP_462375.1
PLFEKH_01850,NP_462374.1
PLFEKH_01855,NP_462373.1
PLFEKH_01860,NP_462372.1
PLFEKH_01870,NP_462371.1
PLFEKH_01875,NP_462370.1
PLFEKH_01880,NP_462369.1
PLFEKH_01885,NP_462368.1
PLFEKH_01890,NP_462367.1
PLFEKH_01900,NP_462365.1
PLFEKH_01905,NP_462363.1
PLFEKH_01910,NP_462362.1
PLFEKH_01915,NP_462361.1
PLFEKH_01920,NP_462360.1
PLFEKH_01925,NP_462359.1
PLFEKH_01930,NP_462358.1
PLFEKH_01935,NP_462357.1
PLFEKH_01940,NP_462356.1
PLFEKH_01945,NP_462355.1
PLFEKH_01950,NP_462354.1
PLFEKH_01955,NP_462353.1
PLFEKH_01960,NP_462352.1
PLFEKH_01965,NP_462351.1
PLFEKH_01970,NP_462350.1
PLFEKH_01985,NP_462348.1
PLFEKH_01990,NP_462347.1
PLFEKH_02065,NP_462345.1
PLFEKH_02070,NP_462344.1
PLFEKH_02075,NP_462343.1
PLFEKH_02080,NP_462342.1
PLFEKH_02085,NP_462341.1
PLFEKH_02090,NP_462340.1
PLFEKH_02095,NP_462339.1
PLFEKH_02100,NP_462338.1
PLFEKH_02105,NP_462337.1
PLFEKH_02110,NP_462336.1
PLFEKH_02115,NP_462335.1
PLFEKH_02120,NP_462334.1
PLFEKH_02125,NP_462333.1
PLFEKH_02130,NP_462332.1
PLFEKH_02135,NP_462331.3
PLFEKH_02140,NP_462330.1
PLFEKH_02145,NP_462329.1
PLFEKH_02150,NP_462328.1
PLFEKH_02155,NP_462327.1
PLFEKH_02160,NP_462326.1
PLFEKH_02165,NP_462325.1
PLFEKH_02170,NP_462324.1
PLFEKH_02175,NP_462323.1
PLFEKH_02180,NP_462322.1
PLFEKH_02185,NP_462321.1
PLFEKH_02190,NP_462320.1
PLFEKH_02195,NP_462319.1
PLFEKH_02200,NP_462318.1
PLFEKH_02205,NP_462317.1
PLFEKH_02210,NP_462316.1
PLFEKH_02220,NP_462314.1
PLFEKH_02225,NP_462313.1
PLFEKH_02230,NP_462312.1
PLFEKH_02235,NP_462311.1
PLFEKH_02240,NP_462310.1
PLFEKH_02245,NP_462309.1
PLFEKH_02250,NP_462308.1
PLFEKH_02255,NP_462307.1
PLFEKH_02260,NP_462306.1
PLFEKH_02265,NP_462305.1
PLFEKH_02270,NP_462304.1
PLFEKH_02275,NP_462303.1
PLFEKH_02345,NP_462302.1
PLFEKH_02355,NP_462301.1
PLFEKH_02360,NP_462300.1
PLFEKH_02365,NP_462299.1
PLFEKH_02370,NP_462297.1
PLFEKH_02375,NP_462296.1
PLFEKH_02380,NP_462295.1
PLFEKH_02385,NP_462294.1
PLFEKH_02390,NP_462293.1
PLFEKH_02395,NP_462292.1
PLFEKH_02400,NP_462291.1
PLFEKH_02405,NP_462290.1
PLFEKH_02410,NP_462289.1
PLFEKH_02415,NP_462286.1
PLFEKH_02420,NP_462285.1
PLFEKH_02425,NP_462284.1
PLFEKH_02430,NP_462283.1
PLFEKH_02435,NP_462282.1
PLFEKH_02440,NP_462281.1
PLFEKH_02445,NP_462280.1
PLFEKH_02450,NP_462279.1
PLFEKH_02470,NP_462278.1
PLFEKH_02475,NP_462277.1
PLFEKH_02480,NP_462276.1
PLFEKH_02485,NP_462275.1
PLFEKH_02490,NP_462274.1
PLFEKH_02495,NP_462273.1
PLFEKH_02500,NP_462271.1
PLFEKH_02505,NP_462270.1
PLFEKH_02510,NP_462269.1
PLFEKH_02515,NP_462259.1
PLFEKH_02520,NP_462258.1
PLFEKH_02525,NP_462257.1
PLFEKH_02530,NP_462256.1
PLFEKH_02535,NP_462255.1
PLFEKH_02540,NP_462254.1
PLFEKH_02545,NP_462252.1
PLFEKH_02550,NP_462251.1
PLFEKH_02560,NP_462250.1
PLFEKH_02565,NP_462249.1
PLFEKH_02570,NP_462248.1
PLFEKH_02575,NP_462247.1
PLFEKH_02580,NP_462246.1
PLFEKH_02585,NP_462245.1
PLFEKH_02590,NP_462242.1
PLFEKH_02615,NP_463428.1
PLFEKH_02620,NP_463429.1
PLFEKH_02630,NP_462241.1
PLFEKH_02635,NP_462240.1
PLFEKH_02640,NP_462239.1
PLFEKH_02645,NP_462238.1
PLFEKH_02665,NP_462237.1
PLFEKH_02670,NP_462236.1
PLFEKH_02675,NP_462235.1
PLFEKH_02680,NP_462234.1
PLFEKH_02685,NP_462233.1
PLFEKH_02690,NP_462232.1
PLFEKH_02695,NP_462231.1
PLFEKH_02700,NP_462230.1
PLFEKH_02705,NP_462229.1
PLFEKH_02710,NP_462228.1
PLFEKH_02715,NP_462227.1
PLFEKH_02720,NP_462226.1
PLFEKH_02725,NP_462225.1
PLFEKH_02730,NP_462224.1
PLFEKH_02735,NP_462223.1
PLFEKH_02740,NP_462222.1
PLFEKH_02745,NP_462221.1
PLFEKH_02750,NP_462220.1
PLFEKH_02755,NP_462219.1
PLFEKH_02760,NP_462218.1
PLFEKH_02765,NP_462217.1
PLFEKH_02770,NP_462216.1
PLFEKH_02775,NP_462215.1
PLFEKH_02780,NP_462214.1
PLFEKH_02785,NP_462213.1
PLFEKH_02795,NP_462212.1
PLFEKH_02800,NP_462211.1
PLFEKH_02805,NP_462210.1
PLFEKH_02810,NP_462209.3
PLFEKH_02815,NP_462208.1
PLFEKH_02820,NP_462207.1
PLFEKH_02825,NP_462206.1
PLFEKH_02830,NP_462205.1
PLFEKH_02835,NP_462204.1
PLFEKH_02850,NP_462202.3
PLFEKH_02860,NP_462201.3
PLFEKH_02865,NP_462200.1
PLFEKH_02870,NP_462199.1
PLFEKH_02880,NP_462198.1
PLFEKH_02885,NP_462197.1
PLFEKH_02890,NP_462196.1
PLFEKH_02900,NP_462195.1
PLFEKH_02905,NP_462194.1
PLFEKH_02915,NP_462193.3
PLFEKH_02925,NP_462189.1
PLFEKH_02930,NP_462188.3
PLFEKH_02935,NP_462187.1
PLFEKH_02940,NP_462186.1
PLFEKH_02945,NP_462185.1
PLFEKH_02950,NP_462184.3
PLFEKH_02955,NP_462183.1
PLFEKH_02960,NP_462182.1
PLFEKH_02965,NP_462181.1
PLFEKH_02975,NP_462180.1
PLFEKH_02980,NP_462179.1
PLFEKH_02985,NP_462178.1
PLFEKH_02990,NP_462177.1
PLFEKH_02995,NP_462176.1
PLFEKH_03005,NP_462539.1
PLFEKH_03010,NP_462540.1
PLFEKH_03030,NP_463396.1
PLFEKH_03035,NP_463395.1
PLFEKH_03060,NP_462670.1
PLFEKH_03065,NP_462170.1
PLFEKH_03095,NP_462162.1
PLFEKH_03100,NP_462161.1
PLFEKH_03105,NP_462160.1
PLFEKH_03130,NP_462158.1
PLFEKH_03135,NP_462157.1
PLFEKH_03140,NP_462156.1
PLFEKH_03145,NP_462155.1
PLFEKH_03155,NP_462154.1
PLFEKH_03160,NP_462153.1
PLFEKH_03165,NP_462152.1
PLFEKH_03175,NP_462150.1
PLFEKH_03180,NP_462149.1
PLFEKH_03195,NP_462147.1
PLFEKH_03200,NP_462146.1
PLFEKH_03205,NP_462145.1
PLFEKH_03210,NP_462144.1
PLFEKH_03215,NP_462143.1
PLFEKH_03220,NP_462142.1
PLFEKH_03225,NP_462141.1
PLFEKH_03230,NP_462140.1
PLFEKH_03245,NP_462049.1
PLFEKH_03250,NP_462052.1
PLFEKH_03265,NP_462139.1
PLFEKH_03270,NP_462138.1
PLFEKH_03275,NP_462137.1
PLFEKH_03280,NP_462136.1
PLFEKH_03285,NP_462135.1
PLFEKH_03290,NP_462134.1
PLFEKH_03295,NP_462911.1
PLFEKH_03300,NP_462910.3
PLFEKH_03305,NP_462133.1
PLFEKH_03355,NP_462132.3
PLFEKH_03360,NP_462131.1
PLFEKH_03365,NP_462129.1
PLFEKH_03370,NP_462128.1
PLFEKH_03380,NP_462127.1
PLFEKH_03385,NP_462126.3
PLFEKH_03390,NP_462125.1
PLFEKH_03395,NP_462124.1
PLFEKH_03400,NP_462123.1
PLFEKH_03420,NP_462265.1
PLFEKH_03430,NP_462122.1
PLFEKH_03440,NP_462120.3
PLFEKH_03450,NP_462119.1
PLFEKH_03455,NP_462118.1
PLFEKH_03460,NP_462117.1
PLFEKH_03465,NP_462116.1
PLFEKH_03470,NP_462115.1
PLFEKH_03495,NP_462114.1
PLFEKH_03500,NP_462113.1
PLFEKH_03505,NP_462112.1
PLFEKH_03515,NP_461944.1
PLFEKH_03545,NP_462110.1
PLFEKH_03550,NP_462105.1
PLFEKH_03555,NP_462104.1
PLFEKH_03560,NP_462103.1
PLFEKH_03565,NP_462102.1
PLFEKH_03570,NP_462101.3
PLFEKH_03575,NP_462100.1
PLFEKH_03580,NP_462099.1
PLFEKH_03585,NP_462098.1
PLFEKH_03590,NP_462097.1
PLFEKH_03595,NP_462096.1
PLFEKH_03600,NP_462095.1
PLFEKH_03605,NP_462094.1
PLFEKH_03610,NP_462093.1
PLFEKH_03615,NP_462092.1
PLFEKH_03620,NP_462091.1
PLFEKH_03640,NP_460705.3
PLFEKH_03645,NP_462089.1
PLFEKH_03650,NP_462088.1
PLFEKH_03655,NP_462087.1
PLFEKH_03660,NP_462083.1
PLFEKH_03675,NP_462080.1
PLFEKH_03685,NP_462079.1
PLFEKH_03690,NP_462078.1
PLFEKH_03695,NP_462077.1
PLFEKH_03700,NP_462076.1
PLFEKH_03705,NP_462074.1
PLFEKH_03710,NP_462073.1
PLFEKH_03725,NP_462068.1
PLFEKH_03730,NP_461347.1
PLFEKH_03750,NP_462066.1
PLFEKH_03755,NP_462065.1
PLFEKH_03760,NP_462064.1
PLFEKH_03765,NP_462063.1
PLFEKH_03770,NP_462062.1
PLFEKH_03775,NP_462061.1
PLFEKH_03780,NP_462060.1
PLFEKH_03785,NP_462059.1
PLFEKH_03790,NP_462058.1
PLFEKH_03800,NP_462055.1
PLFEKH_03805,NP_462054.1
PLFEKH_03920,NP_462031.1
PLFEKH_03930,NP_462030.1
PLFEKH_03935,NP_462029.1
PLFEKH_03940,NP_462028.1
PLFEKH_03945,NP_462027.1
PLFEKH_03950,NP_462026.1
PLFEKH_03955,NP_462025.1
PLFEKH_03960,NP_462024.1
PLFEKH_03965,NP_462023.1
PLFEKH_03970,NP_462022.1
PLFEKH_03975,NP_462021.1
PLFEKH_03985,NP_462020.1
PLFEKH_03990,NP_462019.1
PLFEKH_03995,NP_462018.1
PLFEKH_04000,NP_462017.1
PLFEKH_04005,NP_462016.1
PLFEKH_04010,NP_462015.1
PLFEKH_04015,NP_462013.1
PLFEKH_04020,NP_462012.1
PLFEKH_04025,NP_462011.1
PLFEKH_04030,NP_462010.3
PLFEKH_04035,NP_462009.1
PLFEKH_04040,NP_462008.1
PLFEKH_04045,NP_462007.1
PLFEKH_04050,NP_462006.1
PLFEKH_04055,NP_462002.1
PLFEKH_04060,NP_461994.1
PLFEKH_04065,NP_461993.1
PLFEKH_04070,NP_461992.1
PLFEKH_04085,NP_460502.1
PLFEKH_04105,NP_461986.1
PLFEKH_04110,NP_461985.1
PLFEKH_04115,NP_461984.1
PLFEKH_04125,NP_461983.1
PLFEKH_04130,NP_461982.1
PLFEKH_04135,NP_461981.1
PLFEKH_04145,NP_462033.1
PLFEKH_04165,NP_461980.1
PLFEKH_04175,NP_461979.1
PLFEKH_04180,NP_461978.1
PLFEKH_04195,NP_461977.1
PLFEKH_04205,NP_461976.1
PLFEKH_04210,NP_461975.3
PLFEKH_04215,NP_461974.1
PLFEKH_04220,NP_461973.2
PLFEKH_04225,NP_461972.1
PLFEKH_04235,NP_461971.1
PLFEKH_04240,NP_461970.1
PLFEKH_04245,NP_461969.1
PLFEKH_04260,NP_461966.1
PLFEKH_04265,NP_461965.1
PLFEKH_04275,NP_461964.1
PLFEKH_04280,NP_461963.1
PLFEKH_04285,NP_461962.1
PLFEKH_04290,NP_461961.1
PLFEKH_04295,NP_461960.1
PLFEKH_04300,NP_461959.1
PLFEKH_04305,NP_461958.1
PLFEKH_04310,NP_461957.3
PLFEKH_04320,NP_461955.1
PLFEKH_04400,NP_463326.1
PLFEKH_04415,NP_459977.1
PLFEKH_04445,NP_461954.1
PLFEKH_04505,NP_461807.1
PLFEKH_04525,NP_462657.1
PLFEKH_04530,NP_462658.4
PLFEKH_04540,NP_462655.1
PLFEKH_04545,NP_461939.1
PLFEKH_04555,NP_461935.1
PLFEKH_04565,NP_461933.1
PLFEKH_04570,NP_461932.1
PLFEKH_04575,NP_461931.1
PLFEKH_04580,NP_461930.1
PLFEKH_04585,NP_461928.1
PLFEKH_04600,NP_461927.1
PLFEKH_04605,NP_461926.1
PLFEKH_04610,NP_461925.1
PLFEKH_04615,NP_461924.1
PLFEKH_04620,NP_461923.1
PLFEKH_04625,NP_461922.1
PLFEKH_04635,NP_461921.1
PLFEKH_04640,NP_461920.1
PLFEKH_04645,NP_461919.1
PLFEKH_04650,NP_461918.1
PLFEKH_04655,NP_461917.1
PLFEKH_04660,NP_461916.1
PLFEKH_04665,NP_461915.1
PLFEKH_04670,NP_461914.1
PLFEKH_04675,NP_461913.2
PLFEKH_04680,NP_461912.1
PLFEKH_04685,NP_461911.1
PLFEKH_04690,NP_461910.1
PLFEKH_04695,NP_461909.1
PLFEKH_04700,NP_461908.1
PLFEKH_04720,NP_461907.1
PLFEKH_04730,NP_461906.1
PLFEKH_04735,NP_461904.1
PLFEKH_04740,NP_461903.1
PLFEKH_04745,NP_461902.1
PLFEKH_04755,NP_461901.1
PLFEKH_04760,NP_461900.1
PLFEKH_04765,NP_461899.1
PLFEKH_04770,NP_461898.1
PLFEKH_04775,NP_461897.1
PLFEKH_04780,NP_461896.1
PLFEKH_04785,NP_461895.1
PLFEKH_04790,NP_462691.1
PLFEKH_04795,NP_461894.1
PLFEKH_04800,NP_461893.1
PLFEKH_04805,NP_461892.3
PLFEKH_04810,NP_461891.2
PLFEKH_04815,NP_461890.1
PLFEKH_04820,NP_461889.1
PLFEKH_04825,NP_461888.1
PLFEKH_04830,NP_461887.1
PLFEKH_04840,NP_461886.1
PLFEKH_04845,NP_461885.1
PLFEKH_04850,NP_461884.1
PLFEKH_04860,NP_461882.1
PLFEKH_04865,NP_461881.1
PLFEKH_04870,NP_461879.1
PLFEKH_04875,NP_461878.1
PLFEKH_04880,NP_461877.1
PLFEKH_04895,NP_461875.1
PLFEKH_04900,NP_461874.1
PLFEKH_04905,NP_461873.1
PLFEKH_04920,NP_461872.1
PLFEKH_04975,NP_461870.1
PLFEKH_04980,NP_461869.1
PLFEKH_04985,NP_461868.1
PLFEKH_04990,NP_461867.1
PLFEKH_05000,NP_461865.1
PLFEKH_05015,NP_461862.1
PLFEKH_05025,NP_461860.1
PLFEKH_05030,NP_461859.1
PLFEKH_05035,NP_461858.1
PLFEKH_05040,NP_461857.1
PLFEKH_05045,NP_461856.1
PLFEKH_05050,NP_461855.1
PLFEKH_05055,NP_461854.1
PLFEKH_05060,NP_461853.3
PLFEKH_05065,NP_461852.1
PLFEKH_05070,NP_461851.1
PLFEKH_05075,NP_461850.1
PLFEKH_05080,NP_461849.1
PLFEKH_05085,NP_461848.1
PLFEKH_05090,NP_461847.1
PLFEKH_05095,NP_461846.1
PLFEKH_05100,NP_461845.1
PLFEKH_05110,NP_461836.1
PLFEKH_05115,NP_461837.1
PLFEKH_05120,NP_461838.1
PLFEKH_05125,NP_461839.1
PLFEKH_05130,NP_461840.1
PLFEKH_05135,NP_461828.1
PLFEKH_05140,NP_461830.1
PLFEKH_05150,NP_461781.1
PLFEKH_05160,NP_461779.3
PLFEKH_05165,NP_461778.2
PLFEKH_05170,NP_461777.1
PLFEKH_05175,NP_461776.1
PLFEKH_05180,NP_461775.1
PLFEKH_05185,NP_461774.1
PLFEKH_05225,NP_461766.1
PLFEKH_05240,NP_461929.1
PLFEKH_05245,NP_461764.1
PLFEKH_05250,NP_461763.1
PLFEKH_05255,NP_461762.1
PLFEKH_05260,NP_461761.1
PLFEKH_05265,NP_461760.1
PLFEKH_05270,NP_461759.3
PLFEKH_05280,NP_461757.1
PLFEKH_05285,NP_461756.1
PLFEKH_05290,NP_461755.1
PLFEKH_05295,NP_461754.1
PLFEKH_05300,NP_461753.1
PLFEKH_05305,NP_461752.1
PLFEKH_05310,NP_461751.1
PLFEKH_05315,NP_461750.1
PLFEKH_05320,NP_461749.1
PLFEKH_05325,NP_461748.1
PLFEKH_05330,NP_461747.1
PLFEKH_05365,NP_461745.1
PLFEKH_05370,NP_461744.1
PLFEKH_05380,NP_461743.1
PLFEKH_05395,NP_461739.1
PLFEKH_05425,NP_461737.1
PLFEKH_05430,NP_461736.1
PLFEKH_05435,NP_461735.1
PLFEKH_05440,NP_461734.1
PLFEKH_05445,NP_461733.1
PLFEKH_05450,NP_461732.1
PLFEKH_05455,NP_461731.1
PLFEKH_05460,NP_461728.1
PLFEKH_05465,NP_461727.1
PLFEKH_05470,NP_461726.1
PLFEKH_05475,NP_461725.1
PLFEKH_05480,NP_461724.1
PLFEKH_05485,NP_461723.1
PLFEKH_05490,NP_461722.1
PLFEKH_05495,NP_461721.1
PLFEKH_05500,NP_461720.1
PLFEKH_05505,NP_461719.1
PLFEKH_05520,NP_461716.1
PLFEKH_05525,NP_461715.3
PLFEKH_05585,NP_490551.1
PLFEKH_05695,NP_461618.1
PLFEKH_05700,NP_461617.1
PLFEKH_05705,NP_461616.1
PLFEKH_05710,NP_461615.1
PLFEKH_05715,NP_461614.1
PLFEKH_05720,NP_461613.1
PLFEKH_05725,NP_461611.1
PLFEKH_05730,NP_461609.3
PLFEKH_05735,NP_461608.1
PLFEKH_05740,NP_461607.1
PLFEKH_05745,NP_461606.1
PLFEKH_05750,NP_461605.1
PLFEKH_05755,NP_461604.1
PLFEKH_05760,NP_461603.1
PLFEKH_05770,NP_461602.1
PLFEKH_05775,NP_461601.1
PLFEKH_05785,NP_461600.1
PLFEKH_05790,NP_461599.1
PLFEKH_05795,NP_461597.1
PLFEKH_05805,NP_461595.1
PLFEKH_05815,NP_461594.1
PLFEKH_05820,NP_461593.1
PLFEKH_05825,NP_461592.1
PLFEKH_05835,NP_461591.1
PLFEKH_05870,NP_461589.1
PLFEKH_05875,NP_461588.1
PLFEKH_05880,NP_461587.1
PLFEKH_05890,NP_461586.1
PLFEKH_05895,NP_461585.1
PLFEKH_05900,NP_461584.1
PLFEKH_05905,NP_461583.1
PLFEKH_05910,NP_461582.1
PLFEKH_05915,NP_461581.1
PLFEKH_05920,NP_461580.1
PLFEKH_05925,NP_461579.1
PLFEKH_05935,NP_461578.1
PLFEKH_05940,NP_461577.1
PLFEKH_05945,NP_461576.1
PLFEKH_05955,NP_461574.1
PLFEKH_05960,NP_461573.1
PLFEKH_05970,NP_461572.1
PLFEKH_05975,NP_461518.1
PLFEKH_05980,NP_461517.1
PLFEKH_05985,NP_461516.1
PLFEKH_05990,NP_461515.1
PLFEKH_05995,NP_461514.1
PLFEKH_06000,NP_461513.1
PLFEKH_06005,NP_461512.1
PLFEKH_06020,NP_461511.1
PLFEKH_06030,NP_461504.1
PLFEKH_06035,NP_461503.1
PLFEKH_06040,NP_461502.1
PLFEKH_06045,NP_461500.1
PLFEKH_06060,NP_461499.1
PLFEKH_06065,NP_461498.1
PLFEKH_06070,NP_461497.1
PLFEKH_06075,NP_461496.1
PLFEKH_06080,NP_461491.1
PLFEKH_06085,NP_461490.1
PLFEKH_06155,NP_462036.1
PLFEKH_06160,NP_461489.1
PLFEKH_06165,NP_461488.1
PLFEKH_06170,NP_461482.1
PLFEKH_06175,NP_461481.1
PLFEKH_06180,NP_461480.1
PLFEKH_06190,NP_461479.1
PLFEKH_06195,NP_461478.1
PLFEKH_06200,NP_461477.1
PLFEKH_06205,NP_461476.1
PLFEKH_06210,NP_461475.1
PLFEKH_06215,NP_461474.1
PLFEKH_06220,NP_461473.1
PLFEKH_06225,NP_461472.1
PLFEKH_06230,NP_461471.1
PLFEKH_06235,NP_461470.3
PLFEKH_06250,NP_461468.1
PLFEKH_06255,NP_461467.1
PLFEKH_06260,NP_461466.1
PLFEKH_06265,NP_461461.1
PLFEKH_06270,NP_461460.1
PLFEKH_06275,NP_461459.1
PLFEKH_06280,NP_461458.1
PLFEKH_06290,NP_461457.1
PLFEKH_06295,NP_461456.1
PLFEKH_06300,NP_461455.1
PLFEKH_06305,NP_461454.1
PLFEKH_06310,NP_461453.1
PLFEKH_06315,NP_461447.1
PLFEKH_06320,NP_461446.1
PLFEKH_06325,NP_461445.1
PLFEKH_06340,NP_461441.1
PLFEKH_06350,NP_461438.1
PLFEKH_06355,NP_461437.1
PLFEKH_06360,NP_461436.1
PLFEKH_06365,NP_461435.1
PLFEKH_06370,NP_461434.3
PLFEKH_06375,NP_461433.1
PLFEKH_06385,NP_461431.1
PLFEKH_06395,NP_461429.1
PLFEKH_06400,NP_461428.1
PLFEKH_06465,NP_461426.1
PLFEKH_06470,NP_461425.3
PLFEKH_06475,NP_461424.1
PLFEKH_06480,NP_461423.1
PLFEKH_06490,NP_461422.1
PLFEKH_06495,NP_461421.1
PLFEKH_06500,NP_461420.1
PLFEKH_06520,NP_461419.1
PLFEKH_06525,NP_461418.1
PLFEKH_06530,NP_461417.1
PLFEKH_06540,NP_461416.1
PLFEKH_06545,NP_461415.1
PLFEKH_06555,NP_461412.1
PLFEKH_06560,NP_461411.1
PLFEKH_06565,NP_461409.1
PLFEKH_06570,NP_461408.1
PLFEKH_06575,NP_461407.1
PLFEKH_06580,NP_461405.1
PLFEKH_06585,NP_461404.1
PLFEKH_06590,NP_461403.1
PLFEKH_06595,NP_461402.1
PLFEKH_06600,NP_461401.1
PLFEKH_06605,NP_461400.1
PLFEKH_06610,NP_461399.3
PLFEKH_06615,NP_461398.1
PLFEKH_06620,NP_461397.1
PLFEKH_06625,NP_461396.1
PLFEKH_06635,NP_461395.1
PLFEKH_06640,NP_461394.1
PLFEKH_06645,NP_461393.1
PLFEKH_06650,NP_461392.1
PLFEKH_06655,NP_461391.1
PLFEKH_06660,NP_461390.1
PLFEKH_06665,NP_461389.1
PLFEKH_06670,NP_461386.1
PLFEKH_06675,NP_461385.1
PLFEKH_06685,NP_461383.1
PLFEKH_06690,NP_461382.1
PLFEKH_06695,NP_461381.1
PLFEKH_06700,NP_461413.1
PLFEKH_06710,NP_461506.1
PLFEKH_06725,NP_461379.1
PLFEKH_06730,NP_461378.1
PLFEKH_06735,NP_461377.1
PLFEKH_06740,NP_461376.1
PLFEKH_06745,NP_461375.1
PLFEKH_06760,NP_461373.2
PLFEKH_06765,NP_461370.1
PLFEKH_06770,NP_461368.1
PLFEKH_06775,NP_461367.1
PLFEKH_06780,NP_461366.1
PLFEKH_06785,NP_461365.1
PLFEKH_06790,NP_461364.1
PLFEKH_06800,NP_461362.1
PLFEKH_06805,NP_461361.3
PLFEKH_06810,NP_461360.2
PLFEKH_06820,NP_461358.1
PLFEKH_06825,NP_448816.1
PLFEKH_06830,NP_461356.1
PLFEKH_06835,NP_461355.1
PLFEKH_06860,NP_461354.1
PLFEKH_06865,NP_461353.1
PLFEKH_06870,NP_461352.1
PLFEKH_06885,NP_461351.1
PLFEKH_06910,NP_461349.1
PLFEKH_06915,NP_461348.1
PLFEKH_06920,NP_461345.1
PLFEKH_06925,NP_461344.1
PLFEKH_06970,NP_461343.1
PLFEKH_06980,NP_461342.1
PLFEKH_06985,NP_461341.1
PLFEKH_07045,NP_462703.1
PLFEKH_07050,NP_462702.1
PLFEKH_07055,NP_462701.1
PLFEKH_07110,NP_461176.1
PLFEKH_07125,NP_459551.1
PLFEKH_07155,NP_461335.1
PLFEKH_07160,NP_461334.1
PLFEKH_07170,NP_461333.1
PLFEKH_07180,NP_461331.2
PLFEKH_07185,NP_461330.1
PLFEKH_07190,NP_461329.1
PLFEKH_07195,NP_459200.1
PLFEKH_07210,NP_459202.1
PLFEKH_07215,NP_459203.1
PLFEKH_07220,NP_459204.1
PLFEKH_07225,NP_459205.1
PLFEKH_07230,NP_459206.1
PLFEKH_07235,NP_461328.1
PLFEKH_07240,NP_461327.1
PLFEKH_07245,NP_461326.1
PLFEKH_07250,NP_461325.1
PLFEKH_07255,NP_461324.1
PLFEKH_07260,NP_461323.1
PLFEKH_07265,NP_461322.1
PLFEKH_07270,NP_461321.3
PLFEKH_07275,NP_461320.1
PLFEKH_07280,NP_461314.1
PLFEKH_07285,NP_461313.1
PLFEKH_07290,NP_461312.1
PLFEKH_07295,NP_461311.1
PLFEKH_07300,NP_461310.1
PLFEKH_07305,NP_461309.1
PLFEKH_07310,NP_461308.1
PLFEKH_07315,NP_461307.1
PLFEKH_07320,NP_461306.1
PLFEKH_07325,NP_461305.1
PLFEKH_07330,NP_461304.1
PLFEKH_07335,NP_461298.1
PLFEKH_07340,NP_461297.1
PLFEKH_07345,NP_461296.1
PLFEKH_07350,NP_461295.1
PLFEKH_07355,NP_461294.1
PLFEKH_07360,NP_461293.1
PLFEKH_07370,NP_461292.1
PLFEKH_07380,NP_461291.1
PLFEKH_07385,NP_461290.1
PLFEKH_07390,NP_461289.1
PLFEKH_07395,NP_461288.1
PLFEKH_07400,NP_461281.1
PLFEKH_07405,NP_461280.1
PLFEKH_07410,NP_461279.1
PLFEKH_07415,NP_461278.1
PLFEKH_07420,NP_461277.1
PLFEKH_07425,NP_461276.3
PLFEKH_07430,NP_461275.1
PLFEKH_07435,NP_461274.1
PLFEKH_07440,NP_461273.1
PLFEKH_07445,NP_461272.1
PLFEKH_07455,NP_461270.1
PLFEKH_07460,NP_461269.1
PLFEKH_07465,NP_461268.1
PLFEKH_07470,NP_461267.1
PLFEKH_07475,NP_461266.1
PLFEKH_07480,NP_461265.3
PLFEKH_07485,NP_461264.1
PLFEKH_07490,NP_461263.1
PLFEKH_07495,NP_461262.1
PLFEKH_07500,NP_461261.1
PLFEKH_07505,NP_461260.1
PLFEKH_07510,NP_461259.1
PLFEKH_07515,NP_461258.3
PLFEKH_07545,NP_461257.1
PLFEKH_07550,NP_461229.3
PLFEKH_07555,NP_461255.1
PLFEKH_07560,NP_461254.1
PLFEKH_07565,NP_461253.3
PLFEKH_07570,NP_461252.1
PLFEKH_07575,NP_461251.1
PLFEKH_07580,NP_461250.1
PLFEKH_07585,NP_461249.1
PLFEKH_07590,NP_461248.1
PLFEKH_07595,NP_461247.1
PLFEKH_07600,NP_461246.1
PLFEKH_07605,NP_461245.1
PLFEKH_07610,NP_461244.1
PLFEKH_07615,NP_461243.1
PLFEKH_07620,NP_461242.1
PLFEKH_07625,NP_461241.1
PLFEKH_07630,NP_461240.1
PLFEKH_07635,NP_461239.3
PLFEKH_07640,NP_461238.1
PLFEKH_07645,NP_461237.1
PLFEKH_07650,NP_461236.1
PLFEKH_07655,NP_461235.1
PLFEKH_07660,NP_461234.1
PLFEKH_07665,NP_461233.1
PLFEKH_07670,NP_461232.1
PLFEKH_07675,NP_461231.1
PLFEKH_07695,NP_461227.1
PLFEKH_07700,NP_461226.1
PLFEKH_07705,NP_461225.1
PLFEKH_07710,NP_461224.1
PLFEKH_07725,NP_461221.1
PLFEKH_07730,NP_461220.1
PLFEKH_07740,NP_461219.1
PLFEKH_07750,NP_461218.1
PLFEKH_07755,NP_461214.1
PLFEKH_07820,NP_461213.1
PLFEKH_07835,NP_461212.1
PLFEKH_07840,NP_461211.1
PLFEKH_07850,NP_461210.1
PLFEKH_07855,NP_461209.1
PLFEKH_07860,NP_461208.1
PLFEKH_07865,NP_461207.1
PLFEKH_07870,NP_461206.1
PLFEKH_07910,NP_461205.1
PLFEKH_07925,NP_461204.1
PLFEKH_07930,NP_461203.1
PLFEKH_07935,NP_461202.1
PLFEKH_07940,NP_461201.1
PLFEKH_07950,NP_461199.1
PLFEKH_07955,NP_461198.1
PLFEKH_07960,NP_462719.1
PLFEKH_08000,NP_461189.1
PLFEKH_08020,NP_461172.1
PLFEKH_08025,NP_461171.1
PLFEKH_08030,NP_461170.1
PLFEKH_08035,NP_461168.1
PLFEKH_08040,NP_461167.1
PLFEKH_08045,NP_461166.1
PLFEKH_08050,NP_461165.1
PLFEKH_08055,NP_461164.1
PLFEKH_08060,NP_461163.1
PLFEKH_08065,NP_461162.1
PLFEKH_08070,NP_461161.1
PLFEKH_08075,NP_461160.1
PLFEKH_08080,NP_461159.1
PLFEKH_08085,NP_461158.1
PLFEKH_08090,NP_461157.1
PLFEKH_08095,NP_461156.1
PLFEKH_08120,NP_461151.1
PLFEKH_08125,NP_461150.1
PLFEKH_08130,NP_461149.1
PLFEKH_08170,NP_461148.1
PLFEKH_08175,NP_461147.1
PLFEKH_08180,NP_461146.1
PLFEKH_08185,NP_461145.1
PLFEKH_08190,NP_461144.1
PLFEKH_08200,NP_461138.1
PLFEKH_08205,NP_461137.1
PLFEKH_08210,NP_461136.1
PLFEKH_08225,NP_461133.1
PLFEKH_08235,NP_461132.1
PLFEKH_08240,NP_461131.1
PLFEKH_08245,NP_461130.1
PLFEKH_08250,NP_461129.1
PLFEKH_08255,NP_461128.1
PLFEKH_08260,NP_461127.1
PLFEKH_08265,NP_461126.1
PLFEKH_08270,NP_461119.1
PLFEKH_08285,NP_461116.1
PLFEKH_08290,NP_461115.1
PLFEKH_08295,NP_461114.1
PLFEKH_08300,NP_461113.1
PLFEKH_08305,NP_461112.1
PLFEKH_08310,NP_461111.1
PLFEKH_08315,NP_461110.1
PLFEKH_08320,NP_461109.1
PLFEKH_08325,NP_461108.1
PLFEKH_08330,NP_461107.1
PLFEKH_08335,NP_461106.1
PLFEKH_08355,NP_461102.1
PLFEKH_08360,NP_461100.1
PLFEKH_08415,NP_461099.1
PLFEKH_08420,NP_461098.1
PLFEKH_08425,NP_461097.1
PLFEKH_08430,NP_461096.1
PLFEKH_08435,NP_461095.1
PLFEKH_08445,NP_461093.1
PLFEKH_08450,NP_461092.1
PLFEKH_08455,NP_461941.1
PLFEKH_08460,NP_461940.1
PLFEKH_08465,NP_461091.1
PLFEKH_08470,NP_461090.1
PLFEKH_08485,NP_461088.1
PLFEKH_08490,NP_461087.1
PLFEKH_08495,NP_461086.1
PLFEKH_08500,NP_461085.1
PLFEKH_08535,NP_462171.1
PLFEKH_08540,NP_462172.1
PLFEKH_08545,NP_462173.1
PLFEKH_08550,NP_462174.1
PLFEKH_08575,NP_461084.1
PLFEKH_08585,NP_461622.1
PLFEKH_08595,NP_461080.1
PLFEKH_08605,NP_461076.1
PLFEKH_08610,NP_461075.1
PLFEKH_08615,NP_461074.1
PLFEKH_08620,NP_461073.1
PLFEKH_08625,NP_461072.1
PLFEKH_08630,NP_461071.1
PLFEKH_08680,NP_461070.1
PLFEKH_08685,NP_461069.1
PLFEKH_08695,NP_461067.1
PLFEKH_08700,NP_461066.1
PLFEKH_08705,NP_461065.1
PLFEKH_08710,NP_461064.1
PLFEKH_08730,NP_461060.1
PLFEKH_08735,NP_461059.1
PLFEKH_08740,NP_461058.1
PLFEKH_08745,NP_461057.1
PLFEKH_08750,NP_461056.1
PLFEKH_08755,NP_461055.1
PLFEKH_08760,NP_461054.1
PLFEKH_08765,NP_461053.1
PLFEKH_08775,NP_461051.1
PLFEKH_08780,NP_461050.3
PLFEKH_08785,NP_461049.1
PLFEKH_08790,NP_461048.1
PLFEKH_08795,NP_461047.1
PLFEKH_08805,NP_461046.1
PLFEKH_08810,NP_461045.1
PLFEKH_08815,NP_461044.1
PLFEKH_08820,NP_461043.1
PLFEKH_08825,NP_461042.1
PLFEKH_08830,NP_461041.1
PLFEKH_08840,NP_461039.1
PLFEKH_08850,NP_459704.1
PLFEKH_08890,NP_461026.1
PLFEKH_08895,NP_461025.1
PLFEKH_08900,NP_461024.1
PLFEKH_08905,NP_461023.1
PLFEKH_08910,NP_461022.1
PLFEKH_08915,NP_461021.1
PLFEKH_08920,NP_461020.3
PLFEKH_08925,NP_461019.1
PLFEKH_08930,NP_461018.1
PLFEKH_08935,NP_461017.1
PLFEKH_08940,NP_461016.1
PLFEKH_08960,NP_461015.1
PLFEKH_08965,NP_461014.1
PLFEKH_08995,NP_461012.1
PLFEKH_09000,NP_461007.1
PLFEKH_09005,NP_461006.1
PLFEKH_09010,NP_461005.1
PLFEKH_09020,NP_461004.1
PLFEKH_09090,NP_460963.1
PLFEKH_09095,NP_460962.1
PLFEKH_09100,NP_460961.1
PLFEKH_09105,NP_460960.1
PLFEKH_09115,NP_459677.1
PLFEKH_09130,NP_460959.1
PLFEKH_09140,NP_463358.3
PLFEKH_09145,NP_460956.1
PLFEKH_09150,NP_459217.1
PLFEKH_09175,NP_460951.1
PLFEKH_09185,NP_460220.1
PLFEKH_09190,NP_460229.3
PLFEKH_09195,NP_462288.1
PLFEKH_09200,NP_462287.1
PLFEKH_09205,NP_460070.1
PLFEKH_09215,NP_447527.1
PLFEKH_09245,NP_460945.1
PLFEKH_09250,NP_460944.1
PLFEKH_09255,NP_460943.1
PLFEKH_09260,NP_460942.1
PLFEKH_09265,NP_460941.1
PLFEKH_09270,NP_460940.1
PLFEKH_09280,NP_460938.1
PLFEKH_09285,NP_460937.1
PLFEKH_09295,NP_460936.1
PLFEKH_09305,NP_460935.1
PLFEKH_09310,NP_460934.1
PLFEKH_09315,NP_460933.1
PLFEKH_09320,NP_460932.1
PLFEKH_09325,NP_460931.3
PLFEKH_09330,NP_460930.1
PLFEKH_09335,NP_460929.1
PLFEKH_09340,NP_460928.1
PLFEKH_09345,NP_460927.1
PLFEKH_09350,NP_460926.1
PLFEKH_09355,NP_460925.1
PLFEKH_09360,NP_460924.1
PLFEKH_09365,NP_460923.1
PLFEKH_09370,NP_460922.1
PLFEKH_09375,NP_460921.1
PLFEKH_09395,NP_460027.1
PLFEKH_09400,NP_460919.1
PLFEKH_09405,NP_460918.3
PLFEKH_09410,NP_460917.1
PLFEKH_09415,NP_460916.1
PLFEKH_09420,NP_460915.1
PLFEKH_09425,NP_460914.1
PLFEKH_09430,NP_460913.1
PLFEKH_09435,NP_461698.1
PLFEKH_09445,NP_460909.1
PLFEKH_09450,NP_460908.1
PLFEKH_09455,NP_460907.1
PLFEKH_09460,NP_460906.1
PLFEKH_09465,NP_460905.1
PLFEKH_09470,NP_460904.1
PLFEKH_09475,NP_460903.1
PLFEKH_09480,NP_460902.1
PLFEKH_09485,NP_460900.1
PLFEKH_09490,NP_460899.1
PLFEKH_09495,NP_460898.1
PLFEKH_09515,NP_460894.1
PLFEKH_09520,NP_460893.1
PLFEKH_09525,NP_460892.1
PLFEKH_09530,NP_460891.1
PLFEKH_09535,NP_460890.1
PLFEKH_09550,NP_460888.1
PLFEKH_09570,NP_460886.1
PLFEKH_09575,NP_460885.1
PLFEKH_09580,NP_460884.1
PLFEKH_09585,NP_460882.1
PLFEKH_09590,NP_460881.3
PLFEKH_09595,NP_460880.1
PLFEKH_09600,NP_460879.1
PLFEKH_09605,NP_460878.1
PLFEKH_09610,NP_460877.1
PLFEKH_09620,NP_460876.1
PLFEKH_09630,NP_460875.1
PLFEKH_09635,NP_460874.1
PLFEKH_09640,NP_460873.1
PLFEKH_09645,NP_460872.1
PLFEKH_09650,NP_460871.1
PLFEKH_09660,NP_460869.1
PLFEKH_09675,NP_460866.1
PLFEKH_09680,NP_460865.1
PLFEKH_09685,NP_460864.1
PLFEKH_09710,NP_460863.1
PLFEKH_09715,NP_460862.1
PLFEKH_09720,NP_460861.1
PLFEKH_09725,NP_460860.1
PLFEKH_09735,NP_460858.1
PLFEKH_09740,NP_460857.1
PLFEKH_09745,NP_460856.1
PLFEKH_09755,NP_460855.1
PLFEKH_09770,NP_460852.1
PLFEKH_09775,NP_460851.1
PLFEKH_09780,NP_460850.1
PLFEKH_09785,NP_460849.3
PLFEKH_09790,NP_460848.3
PLFEKH_09795,NP_460847.1
PLFEKH_09800,NP_460846.1
PLFEKH_09805,NP_460845.1
PLFEKH_09810,NP_460844.1
PLFEKH_09820,NP_460843.1
PLFEKH_09825,NP_460842.1
PLFEKH_09830,NP_460841.1
PLFEKH_09835,NP_460840.1
PLFEKH_09840,NP_460839.1
PLFEKH_09845,NP_460838.1
PLFEKH_09855,NP_460837.1
PLFEKH_09860,NP_460836.1
PLFEKH_09865,NP_460835.1
PLFEKH_09870,NP_460834.1
PLFEKH_09875,NP_460833.1
PLFEKH_09880,NP_460832.1
PLFEKH_09885,NP_460831.1
PLFEKH_09890,NP_460830.1
PLFEKH_09905,NP_460809.1
PLFEKH_09915,NP_460807.1
PLFEKH_09920,NP_460806.1
PLFEKH_09925,NP_460805.1
PLFEKH_09930,NP_460804.1
PLFEKH_09935,NP_460803.1
PLFEKH_09940,NP_460802.1
PLFEKH_09945,NP_460801.1
PLFEKH_09950,NP_460800.1
PLFEKH_09955,NP_460799.1
PLFEKH_09960,NP_460798.1
PLFEKH_09965,NP_460797.1
PLFEKH_09970,NP_460795.1
PLFEKH_09980,NP_460791.1
PLFEKH_09985,NP_460790.1
PLFEKH_09990,NP_460789.1
PLFEKH_10000,NP_460787.1
PLFEKH_10005,NP_460786.1
PLFEKH_10015,NP_460784.2
PLFEKH_10020,NP_460783.3
PLFEKH_10025,NP_460782.1
PLFEKH_10030,NP_460781.1
PLFEKH_10035,NP_460780.1
PLFEKH_10040,NP_460779.1
PLFEKH_10045,NP_459322.1
PLFEKH_10050,NP_460778.1
PLFEKH_10055,NP_460777.1
PLFEKH_10060,NP_460776.1
PLFEKH_10070,NP_460774.1
PLFEKH_10080,NP_460773.1
PLFEKH_10110,NP_460236.1
PLFEKH_10115,NP_460237.1
PLFEKH_10120,NP_460238.1
PLFEKH_10125,NP_460240.1
PLFEKH_10140,NP_460241.1
PLFEKH_10145,NP_460243.1
PLFEKH_10150,NP_460244.1
PLFEKH_10155,NP_460245.1
PLFEKH_10160,NP_460246.2
PLFEKH_10165,NP_460248.1
PLFEKH_10170,NP_460249.1
PLFEKH_10180,NP_460250.1
PLFEKH_10185,NP_460251.1
PLFEKH_10195,NP_460254.1
PLFEKH_10200,NP_460255.1
PLFEKH_10205,NP_460256.1
PLFEKH_10210,NP_460257.1
PLFEKH_10215,NP_460258.1
PLFEKH_10260,NP_460259.1
PLFEKH_10265,NP_460260.1
PLFEKH_10270,NP_460261.1
PLFEKH_10275,NP_460262.1
PLFEKH_10280,NP_460263.1
PLFEKH_10285,NP_460264.1
PLFEKH_10295,NP_460265.1
PLFEKH_10300,NP_460266.1
PLFEKH_10305,NP_460267.1
PLFEKH_10355,NP_460268.1
PLFEKH_10360,NP_460269.1
PLFEKH_10365,NP_460270.1
PLFEKH_10370,NP_460271.1
PLFEKH_10375,NP_460272.1
PLFEKH_10380,NP_460273.1
PLFEKH_10385,NP_460274.1
PLFEKH_10395,NP_460275.1
PLFEKH_10405,NP_460276.1
PLFEKH_10410,NP_460277.1
PLFEKH_10415,NP_460278.1
PLFEKH_10420,NP_460279.1
PLFEKH_10425,NP_460280.1
PLFEKH_10430,NP_460281.1
PLFEKH_10435,NP_460282.1
PLFEKH_10440,NP_460283.1
PLFEKH_10450,NP_460284.1
PLFEKH_10455,NP_460285.1
PLFEKH_10465,NP_460286.1
PLFEKH_10470,NP_460287.3
PLFEKH_10475,NP_460288.1
PLFEKH_10480,NP_460289.1
PLFEKH_10485,NP_460290.1
PLFEKH_10490,NP_460291.1
PLFEKH_10495,NP_460292.1
PLFEKH_10500,NP_460293.1
PLFEKH_10520,NP_460299.1
PLFEKH_10525,NP_460300.3
PLFEKH_10530,NP_460301.1
PLFEKH_10535,NP_460302.1
PLFEKH_10545,NP_460303.1
PLFEKH_10550,NP_460304.1
PLFEKH_10555,NP_460305.1
PLFEKH_10565,NP_460306.1
PLFEKH_10570,NP_460307.1
PLFEKH_10575,NP_460308.1
PLFEKH_10580,NP_460309.1
PLFEKH_10585,NP_460310.1
PLFEKH_10590,NP_460311.1
PLFEKH_10595,NP_460312.1
PLFEKH_10600,NP_460313.1
PLFEKH_10605,NP_460314.1
PLFEKH_10610,NP_460315.1
PLFEKH_10615,NP_460316.1
PLFEKH_10620,NP_460317.1
PLFEKH_10625,NP_460318.1
PLFEKH_10630,NP_460319.1
PLFEKH_10635,NP_460320.1
PLFEKH_10645,NP_460321.1
PLFEKH_10650,NP_460322.1
PLFEKH_10655,NP_460323.3
PLFEKH_10660,NP_460324.1
PLFEKH_10665,NP_460325.1
PLFEKH_10670,NP_460326.1
PLFEKH_10675,NP_460327.1
PLFEKH_10680,NP_460328.1
PLFEKH_10690,NP_460329.1
PLFEKH_10695,NP_460330.1
PLFEKH_10700,NP_460331.1
PLFEKH_10705,NP_460332.1
PLFEKH_10715,NP_460334.1
PLFEKH_10720,NP_460335.1
PLFEKH_10725,NP_460336.1
PLFEKH_10730,NP_460337.1
PLFEKH_10735,NP_460338.1
PLFEKH_10740,NP_460339.1
PLFEKH_10745,NP_460340.1
PLFEKH_10755,NP_460343.1
PLFEKH_10760,NP_460353.1
PLFEKH_10785,NP_461008.1
PLFEKH_10800,NP_462364.1
PLFEKH_10825,NP_460388.2
PLFEKH_10830,NP_460389.1
PLFEKH_10835,NP_460390.1
PLFEKH_10840,NP_460391.1
PLFEKH_10845,NP_460392.1
PLFEKH_10865,NP_459255.1
PLFEKH_10870,NP_460394.1
PLFEKH_10875,NP_460395.1
PLFEKH_10880,NP_460396.1
PLFEKH_10890,NP_460397.1
PLFEKH_10895,NP_460398.1
PLFEKH_10900,NP_460399.1
PLFEKH_10905,NP_460400.1
PLFEKH_10910,NP_460401.1
PLFEKH_10915,NP_460402.1
PLFEKH_10920,NP_460403.1
PLFEKH_10925,NP_460404.1
PLFEKH_10935,NP_460406.1
PLFEKH_10940,NP_460407.3
PLFEKH_10945,NP_460408.1
PLFEKH_10950,NP_460409.1
PLFEKH_10955,NP_460410.1
PLFEKH_10960,NP_460411.1
PLFEKH_10965,NP_460412.1
PLFEKH_10970,NP_460413.1
PLFEKH_10980,NP_460415.1
PLFEKH_10990,NP_460416.1
PLFEKH_10995,NP_460417.1
PLFEKH_11000,NP_460418.1
PLFEKH_11005,NP_460419.1
PLFEKH_11010,NP_460420.1
PLFEKH_11015,NP_460421.1
PLFEKH_11020,NP_460422.1
PLFEKH_11025,NP_460423.1
PLFEKH_11030,NP_460424.3
PLFEKH_11035,NP_460425.3
PLFEKH_11040,NP_460426.1
PLFEKH_11045,NP_460516.1
PLFEKH_11050,NP_461685.1
PLFEKH_11055,NP_460514.1
PLFEKH_11090,NP_460428.1
PLFEKH_11095,NP_460429.2
PLFEKH_11100,NP_460430.1
PLFEKH_11105,NP_460431.1
PLFEKH_11110,NP_460432.1
PLFEKH_11115,NP_460435.1
PLFEKH_11120,NP_460436.1
PLFEKH_11130,NP_460437.1
PLFEKH_11135,NP_460438.1
PLFEKH_11140,NP_460439.1
PLFEKH_11145,NP_460440.1
PLFEKH_11150,NP_460441.1
PLFEKH_11155,NP_460442.1
PLFEKH_11160,NP_460443.1
PLFEKH_11165,NP_460444.1
PLFEKH_11180,NP_460446.1
PLFEKH_11185,NP_460447.1
PLFEKH_11195,NP_460449.1
PLFEKH_11200,NP_460450.3
PLFEKH_11205,NP_460455.1
PLFEKH_11210,NP_460456.1
PLFEKH_11220,NP_460458.1
PLFEKH_11225,NP_460459.1
PLFEKH_11230,NP_460460.1
PLFEKH_11235,NP_460461.3
PLFEKH_11240,NP_460462.1
PLFEKH_11245,NP_460463.1
PLFEKH_11250,NP_460464.1
PLFEKH_11255,NP_460465.1
PLFEKH_11260,NP_460466.1
PLFEKH_11265,NP_459869.1
PLFEKH_11280,NP_460808.1
PLFEKH_11340,NP_463310.1
PLFEKH_11345,NP_463311.1
PLFEKH_11360,NP_461183.1
PLFEKH_11365,NP_459880.1
PLFEKH_11375,NP_460213.1
PLFEKH_11405,NP_460825.1
PLFEKH_11470,NP_460469.1
PLFEKH_11475,NP_460470.1
PLFEKH_11480,NP_460471.1
PLFEKH_11485,NP_460472.1
PLFEKH_11490,NP_460474.1
PLFEKH_11495,NP_460475.1
PLFEKH_11515,NP_460476.1
PLFEKH_11520,NP_460477.1
PLFEKH_11525,NP_460478.1
PLFEKH_11530,NP_460479.4
PLFEKH_11535,NP_460480.1
PLFEKH_11540,NP_460481.1
PLFEKH_11545,NP_460482.1
PLFEKH_11555,NP_460483.1
PLFEKH_11560,NP_460484.1
PLFEKH_11570,NP_460486.1
PLFEKH_11585,NP_460487.1
PLFEKH_11595,NP_462960.3
PLFEKH_11600,NP_462959.1
PLFEKH_11605,NP_462958.1
PLFEKH_11610,NP_462957.1
PLFEKH_11615,NP_462956.1
PLFEKH_11620,NP_462955.1
PLFEKH_11690,NP_459040.1
PLFEKH_11695,NP_460253.1
PLFEKH_11720,NP_461301.1
PLFEKH_11745,NP_460558.1
PLFEKH_11775,NP_460522.1
PLFEKH_11780,NP_460523.1
PLFEKH_11785,NP_460524.1
PLFEKH_11790,NP_460525.1
PLFEKH_11795,NP_460526.1
PLFEKH_11805,NP_460527.1
PLFEKH_11810,NP_460528.1
PLFEKH_11820,NP_460530.3
PLFEKH_11840,NP_460535.1
PLFEKH_11845,NP_460536.1
PLFEKH_11850,NP_460537.1
PLFEKH_11855,NP_460538.1
PLFEKH_11860,NP_460539.1
PLFEKH_11865,NP_460540.1
PLFEKH_11870,NP_460541.1
PLFEKH_11915,NP_460543.1
PLFEKH_11920,NP_460545.1
PLFEKH_11930,NP_460547.1
PLFEKH_11935,NP_460548.1
PLFEKH_11940,NP_460549.1
PLFEKH_11945,NP_460550.1
PLFEKH_11950,NP_460551.1
PLFEKH_11960,NP_460556.3
PLFEKH_12005,NP_460563.1
PLFEKH_12010,NP_460564.1
PLFEKH_12015,NP_460565.1
PLFEKH_12020,NP_461535.1
PLFEKH_12030,NP_460566.1
PLFEKH_12035,NP_460567.1
PLFEKH_12040,NP_460568.1
PLFEKH_12045,NP_460569.1
PLFEKH_12050,NP_460570.1
PLFEKH_12060,NP_460581.1
PLFEKH_12065,NP_460583.1
PLFEKH_12070,NP_460584.1
PLFEKH_12075,NP_460585.2
PLFEKH_12105,NP_460598.1
PLFEKH_12130,NP_460599.1
PLFEKH_12135,NP_460600.3
PLFEKH_12140,NP_460601.1
PLFEKH_12280,NP_462044.1
PLFEKH_12290,NP_460603.1
PLFEKH_12295,NP_460604.1
PLFEKH_12300,NP_460605.1
PLFEKH_12305,NP_460606.1
PLFEKH_12310,NP_460607.1
PLFEKH_12320,NP_460610.1
PLFEKH_12330,NP_460434.1
PLFEKH_12335,NP_460611.1
PLFEKH_12450,NP_461565.1
PLFEKH_12480,NP_459870.1
PLFEKH_12485,NP_459980.1
PLFEKH_12490,NP_460613.1
PLFEKH_12495,NP_460614.1
PLFEKH_12510,NP_460615.1
PLFEKH_12525,NP_460617.1
PLFEKH_12555,NP_460618.1
PLFEKH_12560,NP_460619.3
PLFEKH_12565,NP_460620.1
PLFEKH_12570,NP_460621.1
PLFEKH_12580,NP_460622.1
PLFEKH_12585,NP_460637.1
PLFEKH_12610,NP_460638.1
PLFEKH_12615,NP_460639.1
PLFEKH_12620,NP_460640.1
PLFEKH_12625,NP_460641.1
PLFEKH_12630,NP_460642.1
PLFEKH_12635,NP_460643.3
PLFEKH_12700,NP_460644.1
PLFEKH_12705,NP_460645.1
PLFEKH_12710,NP_460646.1
PLFEKH_12715,NP_460647.1
PLFEKH_12720,NP_460648.1
PLFEKH_12725,NP_460649.1
PLFEKH_12735,NP_462043.1
PLFEKH_12740,NP_460075.1
PLFEKH_12745,NP_460623.1
PLFEKH_12770,NP_460650.1
PLFEKH_12775,NP_460651.1
PLFEKH_12780,NP_460652.1
PLFEKH_12785,NP_460653.1
PLFEKH_12790,NP_460654.1
PLFEKH_12795,NP_460659.1
PLFEKH_12800,NP_460660.1
PLFEKH_12805,NP_460661.1
PLFEKH_12810,NP_460662.1
PLFEKH_12820,NP_460663.1
PLFEKH_12825,NP_460664.1
PLFEKH_12830,NP_460665.1
PLFEKH_12835,NP_460666.1
PLFEKH_12840,NP_460667.1
PLFEKH_12845,NP_460668.1
PLFEKH_12850,NP_460669.1
PLFEKH_12855,NP_460670.1
PLFEKH_12860,NP_460671.1
PLFEKH_12890,NP_460673.1
PLFEKH_12895,NP_460674.1
PLFEKH_12900,NP_460675.1
PLFEKH_12905,NP_460676.1
PLFEKH_12910,NP_460677.1
PLFEKH_12915,NP_460678.1
PLFEKH_12925,NP_460679.1
PLFEKH_12930,NP_460680.1
PLFEKH_12940,NP_460682.1
PLFEKH_12945,NP_460683.1
PLFEKH_12950,NP_460684.1
PLFEKH_12955,NP_460685.1
PLFEKH_12960,NP_460686.1
PLFEKH_12970,NP_460688.1
PLFEKH_12975,NP_460689.1
PLFEKH_12980,NP_460691.1
PLFEKH_12985,NP_460693.1
PLFEKH_12990,NP_460694.1
PLFEKH_12995,NP_460695.1
PLFEKH_13000,NP_460696.1
PLFEKH_13005,NP_460697.1
PLFEKH_13015,NP_460698.1
PLFEKH_13020,NP_448158.1
PLFEKH_13025,NP_460701.1
PLFEKH_13035,NP_460703.1
PLFEKH_13040,NP_460704.1
PLFEKH_13075,NP_460708.1
PLFEKH_13090,NP_460709.1
PLFEKH_13095,NP_460710.1
PLFEKH_13100,NP_460711.1
PLFEKH_13105,NP_460712.1
PLFEKH_13110,NP_460713.1
PLFEKH_13115,NP_460714.1
PLFEKH_13120,NP_460715.1
PLFEKH_13135,NP_460717.1
PLFEKH_13140,NP_460718.1
PLFEKH_13145,NP_460719.1
PLFEKH_13150,NP_460720.1
PLFEKH_13155,NP_460721.1
PLFEKH_13165,NP_460722.1
PLFEKH_13170,NP_460723.1
PLFEKH_13175,NP_460724.3
PLFEKH_13180,NP_460725.1
PLFEKH_13190,NP_460726.1
PLFEKH_13240,NP_460728.1
PLFEKH_13245,NP_460729.1
PLFEKH_13250,NP_460730.1
PLFEKH_13255,NP_460731.1
PLFEKH_13260,NP_460732.1
PLFEKH_13265,NP_460733.1
PLFEKH_13270,NP_460734.1
PLFEKH_13275,NP_460735.1
PLFEKH_13280,NP_460736.1
PLFEKH_13285,NP_460737.3
PLFEKH_13290,NP_460738.1
PLFEKH_13295,NP_460739.3
PLFEKH_13300,NP_460740.1
PLFEKH_13335,NP_460752.1
PLFEKH_13345,NP_460753.1
PLFEKH_13350,NP_460754.1
PLFEKH_13355,NP_460755.1
PLFEKH_13360,NP_460756.1
PLFEKH_13365,NP_460757.1
PLFEKH_13370,NP_460758.1
PLFEKH_13375,NP_460759.1
PLFEKH_13380,NP_460760.3
PLFEKH_13385,NP_460761.1
PLFEKH_13390,NP_460762.1
PLFEKH_13395,NP_460763.1
PLFEKH_13400,NP_460948.1
PLFEKH_13405,NP_460949.1
PLFEKH_13420,NP_460767.3
PLFEKH_13425,NP_460768.1
PLFEKH_13430,NP_460769.1
PLFEKH_13435,NP_461546.1
PLFEKH_13445,NP_460770.1
PLFEKH_13450,NP_460771.1
PLFEKH_13455,NP_460772.1
PLFEKH_13485,NP_459338.1
PLFEKH_13525,NP_460208.1
PLFEKH_13530,NP_460207.1
PLFEKH_13540,NP_460204.3
PLFEKH_13545,NP_460203.1
PLFEKH_13550,NP_460202.1
PLFEKH_13555,NP_460201.1
PLFEKH_13560,NP_460200.1
PLFEKH_13565,NP_460199.1
PLFEKH_13570,NP_460197.1
PLFEKH_13585,NP_460193.1
PLFEKH_13590,NP_460192.1
PLFEKH_13605,NP_460191.1
PLFEKH_13610,NP_460190.1
PLFEKH_13615,NP_460189.1
PLFEKH_13620,NP_460188.1
PLFEKH_13625,NP_460187.3
PLFEKH_13635,NP_460186.1
PLFEKH_13640,NP_460185.1
PLFEKH_13645,NP_460184.1
PLFEKH_13650,NP_460183.1
PLFEKH_13655,NP_460182.1
PLFEKH_13660,NP_460181.1
PLFEKH_13665,NP_460180.1
PLFEKH_13670,NP_460179.1
PLFEKH_13675,NP_460178.1
PLFEKH_13680,NP_460177.1
PLFEKH_13685,NP_460176.1
PLFEKH_13690,NP_460175.1
PLFEKH_13695,NP_460174.1
PLFEKH_13700,NP_460173.1
PLFEKH_13705,NP_460172.1
PLFEKH_13710,NP_460171.1
PLFEKH_13715,NP_460170.1
PLFEKH_13720,NP_460169.1
PLFEKH_13725,NP_460168.1
PLFEKH_13730,NP_460167.1
PLFEKH_13735,NP_460166.1
PLFEKH_13740,NP_460165.1
PLFEKH_13745,NP_460164.1
PLFEKH_13750,NP_460163.1
PLFEKH_13755,NP_460162.1
PLFEKH_13760,NP_460161.1
PLFEKH_13765,NP_460160.1
PLFEKH_13775,NP_460159.1
PLFEKH_13780,NP_460157.1
PLFEKH_13785,NP_460156.1
PLFEKH_13790,NP_460155.1
PLFEKH_13795,NP_460154.1
PLFEKH_13800,NP_460153.1
PLFEKH_13805,NP_460152.1
PLFEKH_13810,NP_460151.1
PLFEKH_13815,NP_460150.1
PLFEKH_13820,NP_460149.1
PLFEKH_13825,NP_460148.1
PLFEKH_13830,NP_460147.1
PLFEKH_13835,NP_460146.1
PLFEKH_13840,NP_460145.1
PLFEKH_13845,NP_460144.1
PLFEKH_13850,NP_460143.1
PLFEKH_13855,NP_460142.1
PLFEKH_13860,NP_460141.1
PLFEKH_13865,NP_460140.1
PLFEKH_13870,NP_460139.1
PLFEKH_13875,NP_460138.1
PLFEKH_13880,NP_460137.1
PLFEKH_13885,NP_460136.1
PLFEKH_13890,NP_460135.1
PLFEKH_13895,NP_460134.1
PLFEKH_13900,NP_460133.1
PLFEKH_13905,NP_460132.3
PLFEKH_13910,NP_460131.1
PLFEKH_13915,NP_460130.1
PLFEKH_13920,NP_460129.1
PLFEKH_13925,NP_460128.1
PLFEKH_13930,NP_460127.1
PLFEKH_13935,NP_460126.1
PLFEKH_13940,NP_460125.1
PLFEKH_13945,NP_460124.1
PLFEKH_13950,NP_460123.1
PLFEKH_13960,NP_460122.1
PLFEKH_13965,NP_460121.1
PLFEKH_13970,NP_460120.1
PLFEKH_13975,NP_460119.3
PLFEKH_13980,NP_460118.1
PLFEKH_13985,NP_460117.1
PLFEKH_13990,NP_460116.1
PLFEKH_13995,NP_460115.1
PLFEKH_14000,NP_460114.1
PLFEKH_14010,NP_460113.1
PLFEKH_14015,NP_460112.1
PLFEKH_14020,NP_460111.1
PLFEKH_14025,NP_460110.1
PLFEKH_14030,NP_460109.1
PLFEKH_14035,NP_460108.1
PLFEKH_14040,NP_460107.1
PLFEKH_14045,NP_460106.1
PLFEKH_14135,NP_460097.1
PLFEKH_14145,NP_447555.1
PLFEKH_14150,NP_460094.1
PLFEKH_14180,NP_460071.1
PLFEKH_14190,NP_460093.1
PLFEKH_14195,NP_460092.1
PLFEKH_14200,NP_460091.1
PLFEKH_14215,NP_460085.1
PLFEKH_14220,NP_460084.1
PLFEKH_14230,NP_462721.1
PLFEKH_14235,NP_462722.1
PLFEKH_14245,NP_462724.1
PLFEKH_14250,NP_462725.1
PLFEKH_14255,NP_462726.1
PLFEKH_14325,NP_460750.1
PLFEKH_14330,NP_460749.1
PLFEKH_14335,NP_460748.1
PLFEKH_14340,NP_460747.1
PLFEKH_14345,NP_460746.1
PLFEKH_14350,NP_460745.1
PLFEKH_14355,NP_460744.1
PLFEKH_14360,NP_460743.1
PLFEKH_14365,NP_460742.1
PLFEKH_14375,NP_460059.1
PLFEKH_14380,NP_460058.1
PLFEKH_14385,NP_460057.1
PLFEKH_14390,NP_460054.1
PLFEKH_14395,NP_460053.1
PLFEKH_14400,NP_460052.1
PLFEKH_14405,NP_460051.1
PLFEKH_14410,NP_460050.1
PLFEKH_14415,NP_460049.1
PLFEKH_14420,NP_460048.1
PLFEKH_14425,NP_460047.1
PLFEKH_14430,NP_460046.1
PLFEKH_14435,NP_460045.1
PLFEKH_14440,NP_460044.1
PLFEKH_14445,NP_460043.1
PLFEKH_14450,NP_460042.1
PLFEKH_14455,NP_460041.1
PLFEKH_14460,NP_460040.1
PLFEKH_14465,NP_460039.1
PLFEKH_14470,NP_460038.1
PLFEKH_14475,NP_460037.1
PLFEKH_14480,NP_460036.1
PLFEKH_14485,NP_460035.1
PLFEKH_14490,NP_460034.1
PLFEKH_14495,NP_460033.1
PLFEKH_14500,NP_460032.1
PLFEKH_14505,NP_459032.1
PLFEKH_14520,NP_459029.1
PLFEKH_14530,NP_459027.1
PLFEKH_14535,NP_459026.1
PLFEKH_14565,NP_460031.1
PLFEKH_14570,NP_459979.1
PLFEKH_14575,NP_459975.1
PLFEKH_14585,NP_459973.1
PLFEKH_14595,NP_459972.1
PLFEKH_14600,NP_459971.1
PLFEKH_14605,NP_459970.1
PLFEKH_14610,NP_459969.1
PLFEKH_14615,NP_459968.1
PLFEKH_14620,NP_459967.1
PLFEKH_14625,NP_459966.1
PLFEKH_14630,NP_459965.1
PLFEKH_14635,NP_459964.1
PLFEKH_14640,NP_459963.1
PLFEKH_14645,NP_459962.1
PLFEKH_14650,NP_459961.1
PLFEKH_14655,NP_459960.1
PLFEKH_14660,NP_459959.1
PLFEKH_14665,NP_459958.1
PLFEKH_14670,NP_459957.1
PLFEKH_14675,NP_459956.1
PLFEKH_14680,NP_459955.1
PLFEKH_14685,NP_459954.1
PLFEKH_14690,NP_459953.1
PLFEKH_14695,NP_459952.1
PLFEKH_14700,NP_459951.1
PLFEKH_14705,NP_459950.1
PLFEKH_14715,NP_459948.1
PLFEKH_14720,NP_459945.3
PLFEKH_14740,NP_459943.1
PLFEKH_14745,NP_462660.1
PLFEKH_14750,NP_459942.1
PLFEKH_14760,NP_459940.1
PLFEKH_14770,NP_459939.1
PLFEKH_14775,NP_459938.1
PLFEKH_14780,NP_459937.1
PLFEKH_14790,NP_459935.1
PLFEKH_14795,NP_459934.1
PLFEKH_14800,NP_459933.1
PLFEKH_14805,NP_459932.1
PLFEKH_14810,NP_459931.1
PLFEKH_14815,NP_459929.1
PLFEKH_14825,NP_459922.1
PLFEKH_14830,NP_459921.1
PLFEKH_14840,NP_459920.1
PLFEKH_14845,NP_459919.1
PLFEKH_14850,NP_459918.1
PLFEKH_14855,NP_459917.1
PLFEKH_14860,NP_459916.2
PLFEKH_14865,NP_460982.1
PLFEKH_14870,NP_459915.1
PLFEKH_14875,NP_459914.1
PLFEKH_14885,NP_459912.1
PLFEKH_14890,NP_459911.1
PLFEKH_14895,NP_459910.1
PLFEKH_14900,NP_459909.1
PLFEKH_14905,NP_459908.1
PLFEKH_14910,NP_459907.1
PLFEKH_14915,NP_459868.1
PLFEKH_14920,NP_459867.1
PLFEKH_14925,NP_459866.1
PLFEKH_14930,NP_459865.1
PLFEKH_14935,NP_459864.1
PLFEKH_14945,NP_459863.1
PLFEKH_14955,NP_459859.1
PLFEKH_14960,NP_459858.1
PLFEKH_14970,NP_459856.1
PLFEKH_14975,NP_459855.1
PLFEKH_14980,NP_459854.1
PLFEKH_14985,NP_459853.1
PLFEKH_14990,NP_459852.1
PLFEKH_14995,NP_459851.1
PLFEKH_15000,NP_459850.1
PLFEKH_15005,NP_459849.1
PLFEKH_15010,NP_459848.1
PLFEKH_15015,NP_459847.1
PLFEKH_15025,NP_459846.1
PLFEKH_15030,NP_459845.1
PLFEKH_15035,NP_459844.1
PLFEKH_15045,NP_459843.1
PLFEKH_15050,NP_459842.1
PLFEKH_15055,NP_459841.1
PLFEKH_15060,NP_459840.1
PLFEKH_15065,NP_459839.1
PLFEKH_15075,NP_459830.1
PLFEKH_15080,NP_459829.1
PLFEKH_15105,NP_459826.1
PLFEKH_15110,NP_459825.1
PLFEKH_15115,NP_459824.1
PLFEKH_15120,NP_459823.3
PLFEKH_15125,NP_459822.1
PLFEKH_15135,NP_459821.1
PLFEKH_15140,NP_459820.1
PLFEKH_15145,NP_459819.1
PLFEKH_15150,NP_459818.1
PLFEKH_15160,NP_459815.1
PLFEKH_15165,NP_459814.1
PLFEKH_15170,NP_459813.1
PLFEKH_15175,NP_459812.1
PLFEKH_15185,NP_459811.1
PLFEKH_15190,NP_459810.1
PLFEKH_15200,NP_459809.1
PLFEKH_15205,NP_459808.1
PLFEKH_15210,NP_459807.1
PLFEKH_15215,NP_459806.1
PLFEKH_15225,NP_459804.1
PLFEKH_15230,NP_459803.1
PLFEKH_15250,NP_459802.1
PLFEKH_15255,NP_459801.1
PLFEKH_15270,NP_461997.1
PLFEKH_15275,NP_459800.1
PLFEKH_15280,NP_459799.1
PLFEKH_15295,NP_459798.1
PLFEKH_15300,NP_459797.1
PLFEKH_15305,NP_459796.1
PLFEKH_15310,NP_459795.1
PLFEKH_15315,NP_459794.1
PLFEKH_15320,NP_459793.1
PLFEKH_15325,NP_459792.1
PLFEKH_15330,NP_459791.1
PLFEKH_15335,NP_459790.1
PLFEKH_15340,NP_459789.1
PLFEKH_15350,NP_459785.1
PLFEKH_15355,NP_459784.1
PLFEKH_15360,NP_459783.3
PLFEKH_15365,NP_459782.1
PLFEKH_15370,NP_459781.1
PLFEKH_15375,NP_459780.1
PLFEKH_15380,NP_459779.1
PLFEKH_15390,NP_459776.1
PLFEKH_15395,NP_459775.1
PLFEKH_15400,NP_459774.1
PLFEKH_15405,NP_459773.1
PLFEKH_15410,NP_459772.1
PLFEKH_15415,NP_459771.1
PLFEKH_15420,NP_459770.1
PLFEKH_15425,NP_459765.1
PLFEKH_15440,NP_462081.3
PLFEKH_15455,NP_459764.1
PLFEKH_15460,NP_459763.1
PLFEKH_15465,NP_459762.1
PLFEKH_15470,NP_459761.1
PLFEKH_15475,NP_459760.1
PLFEKH_15480,NP_459759.1
PLFEKH_15485,NP_459758.1
PLFEKH_15490,NP_459757.1
PLFEKH_15495,NP_459755.1
PLFEKH_15500,NP_459754.1
PLFEKH_15505,NP_459753.1
PLFEKH_15510,NP_459752.1
PLFEKH_15515,NP_459751.1
PLFEKH_15520,NP_459740.1
PLFEKH_15525,NP_459739.1
PLFEKH_15530,NP_459738.1
PLFEKH_15535,NP_459737.1
PLFEKH_15540,NP_459736.1
PLFEKH_15580,NP_459735.1
PLFEKH_15585,NP_459734.1
PLFEKH_15590,NP_459733.1
PLFEKH_15600,NP_459731.1
PLFEKH_15605,NP_459730.1
PLFEKH_15610,NP_459729.1
PLFEKH_15615,NP_459728.1
PLFEKH_15620,NP_459727.1
PLFEKH_15625,NP_459726.1
PLFEKH_15630,NP_459725.1
PLFEKH_15650,NP_459724.1
PLFEKH_15655,NP_459723.1
PLFEKH_15665,NP_459722.1
PLFEKH_15670,NP_459721.1
PLFEKH_15680,NP_459720.1
PLFEKH_15685,NP_459719.1
PLFEKH_15690,NP_459718.1
PLFEKH_15695,NP_459717.1
PLFEKH_15705,NP_459715.1
PLFEKH_15730,NP_459714.1
PLFEKH_15735,NP_459713.1
PLFEKH_15740,NP_459699.1
PLFEKH_15745,NP_459698.1
PLFEKH_15750,NP_459697.1
PLFEKH_15755,NP_459696.1
PLFEKH_15760,NP_459695.1
PLFEKH_15770,NP_459694.1
PLFEKH_15815,NP_459693.1
PLFEKH_15820,NP_459691.1
PLFEKH_15825,NP_459690.1
PLFEKH_15830,NP_459689.1
PLFEKH_15835,NP_459688.1
PLFEKH_15840,NP_459687.1
PLFEKH_15850,NP_459686.1
PLFEKH_15855,NP_459685.1
PLFEKH_15870,NP_459683.1
PLFEKH_15875,NP_459682.1
PLFEKH_15880,NP_459681.1
PLFEKH_15885,NP_459680.1
PLFEKH_15890,NP_459679.1
PLFEKH_15900,NP_459678.1
PLFEKH_15905,NP_459673.1
PLFEKH_15910,NP_459672.1
PLFEKH_15915,NP_459671.1
PLFEKH_15925,NP_459670.1
PLFEKH_15935,NP_459668.1
PLFEKH_15940,NP_459667.1
PLFEKH_15945,NP_459666.1
PLFEKH_15955,NP_459665.1
PLFEKH_15995,NP_459663.1
PLFEKH_16000,NP_459662.1
PLFEKH_16005,NP_459661.3
PLFEKH_16010,NP_459660.1
PLFEKH_16015,NP_459659.1
PLFEKH_16020,NP_459658.1
PLFEKH_16030,NP_459657.1
PLFEKH_16040,NP_459656.1
PLFEKH_16045,NP_459655.1
PLFEKH_16060,NP_459651.1
PLFEKH_16070,NP_459649.1
PLFEKH_16085,NP_459647.1
PLFEKH_16090,NP_459646.1
PLFEKH_16095,NP_459645.1
PLFEKH_16100,NP_459640.1
PLFEKH_16105,NP_459639.1
PLFEKH_16110,NP_459638.1
PLFEKH_16115,NP_459637.1
PLFEKH_16120,NP_459635.1
PLFEKH_16125,NP_459634.1
PLFEKH_16130,NP_459633.1
PLFEKH_16135,NP_459632.1
PLFEKH_16140,NP_459631.1
PLFEKH_16145,NP_459630.1
PLFEKH_16150,NP_459629.1
PLFEKH_16155,NP_459628.1
PLFEKH_16160,NP_459627.3
PLFEKH_16165,NP_459626.1
PLFEKH_16170,NP_459625.1
PLFEKH_16175,NP_459624.1
PLFEKH_16190,NP_459622.1
PLFEKH_16195,NP_459621.1
PLFEKH_16200,NP_459620.1
PLFEKH_16210,NP_459618.1
PLFEKH_16215,NP_459617.1
PLFEKH_16220,NP_459616.1
PLFEKH_16225,NP_459615.1
PLFEKH_16230,NP_459614.1
PLFEKH_16235,NP_459613.1
PLFEKH_16240,NP_459612.1
PLFEKH_16245,NP_459611.1
PLFEKH_16255,NP_459609.1
PLFEKH_16260,NP_459608.1
PLFEKH_16270,NP_459607.1
PLFEKH_16275,NP_459606.1
PLFEKH_16280,NP_459601.1
PLFEKH_16285,NP_459600.1
PLFEKH_16290,NP_459599.1
PLFEKH_16295,NP_459598.1
PLFEKH_16300,NP_459597.1
PLFEKH_16305,NP_459596.1
PLFEKH_16310,NP_459595.1
PLFEKH_16315,NP_459594.1
PLFEKH_16320,NP_459593.1
PLFEKH_16325,NP_459592.1
PLFEKH_16330,NP_459591.1
PLFEKH_16335,NP_459590.1
PLFEKH_16340,NP_459589.1
PLFEKH_16345,NP_459588.1
PLFEKH_16350,NP_459587.1
PLFEKH_16355,NP_459586.1
PLFEKH_16360,NP_459585.1
PLFEKH_16370,NP_459583.1
PLFEKH_16380,NP_459581.1
PLFEKH_16385,NP_459580.1
PLFEKH_16390,NP_459579.1
PLFEKH_16395,NP_459578.1
PLFEKH_16400,NP_459577.1
PLFEKH_16430,NP_459575.1
PLFEKH_16435,NP_459574.1
PLFEKH_16440,NP_459571.1
PLFEKH_16445,NP_459570.1
PLFEKH_16450,NP_459561.1
PLFEKH_16455,NP_459560.1
PLFEKH_16475,NP_459345.3
PLFEKH_16515,NP_461336.1
PLFEKH_16530,NP_460597.1
PLFEKH_16565,NP_459885.1
PLFEKH_16595,NP_461182.1
PLFEKH_16605,NP_461553.1
PLFEKH_16630,NP_460056.1
PLFEKH_16635,NP_460055.1
PLFEKH_16645,NP_460612.1
PLFEKH_16685,NP_459543.1
PLFEKH_16695,NP_459541.1
PLFEKH_16710,NP_459537.1
PLFEKH_16715,NP_459536.1
PLFEKH_16720,NP_459535.1
PLFEKH_16725,NP_459532.1
PLFEKH_16730,NP_459531.1
PLFEKH_16735,NP_459530.1
PLFEKH_16740,NP_459529.1
PLFEKH_16745,NP_459528.1
PLFEKH_16750,NP_459527.1
PLFEKH_16755,NP_459526.1
PLFEKH_16760,NP_459525.1
PLFEKH_16765,NP_459524.1
PLFEKH_16770,NP_459523.1
PLFEKH_16775,NP_459522.1
PLFEKH_16780,NP_459521.1
PLFEKH_16790,NP_459520.1
PLFEKH_16795,NP_459519.1
PLFEKH_16805,NP_459517.1
PLFEKH_16810,NP_459514.1
PLFEKH_16815,NP_459513.1
PLFEKH_16820,NP_459512.1
PLFEKH_16825,NP_459511.1
PLFEKH_16830,NP_459510.1
PLFEKH_16835,NP_459509.1
PLFEKH_16840,NP_459508.1
PLFEKH_16870,NP_459503.1
PLFEKH_16875,NP_459502.1
PLFEKH_16880,NP_459501.1
PLFEKH_16885,NP_459500.1
PLFEKH_16890,NP_459499.1
PLFEKH_16895,NP_459498.1
PLFEKH_16900,NP_459497.1
PLFEKH_16905,NP_459496.1
PLFEKH_16910,NP_459495.1
PLFEKH_16915,NP_459494.1
PLFEKH_16930,NP_459493.1
PLFEKH_16960,NP_459491.1
PLFEKH_16970,NP_459490.1
PLFEKH_16975,NP_459489.1
PLFEKH_16980,NP_459488.1
PLFEKH_16985,NP_459487.1
PLFEKH_16995,NP_459486.1
PLFEKH_17000,NP_459485.1
PLFEKH_17005,NP_459484.1
PLFEKH_17010,NP_459483.1
PLFEKH_17015,NP_459482.3
PLFEKH_17020,NP_459481.1
PLFEKH_17025,NP_459480.1
PLFEKH_17030,NP_459479.1
PLFEKH_17035,NP_459478.1
PLFEKH_17040,NP_459477.1
PLFEKH_17045,NP_459476.1
PLFEKH_17050,NP_459475.1
PLFEKH_17055,NP_459473.1
PLFEKH_17060,NP_459472.1
PLFEKH_17075,NP_459469.1
PLFEKH_17080,NP_459468.1
PLFEKH_17085,NP_459467.1
PLFEKH_17090,NP_459466.1
PLFEKH_17095,NP_459463.1
PLFEKH_17115,NP_459461.1
PLFEKH_17120,NP_459460.1
PLFEKH_17125,NP_459459.1
PLFEKH_17130,NP_459458.1
PLFEKH_17135,NP_459457.1
PLFEKH_17140,NP_459456.1
PLFEKH_17145,NP_459455.1
PLFEKH_17150,NP_459453.1
PLFEKH_17155,NP_459452.1
PLFEKH_17160,NP_459451.1
PLFEKH_17165,NP_459450.1
PLFEKH_17170,NP_459449.1
PLFEKH_17175,NP_459448.1
PLFEKH_17180,NP_459447.1
PLFEKH_17185,NP_459446.1
PLFEKH_17195,NP_459445.1
PLFEKH_17200,NP_459444.1
PLFEKH_17205,NP_459443.1
PLFEKH_17210,NP_459442.1
PLFEKH_17215,NP_459441.3
PLFEKH_17220,NP_459440.1
PLFEKH_17225,NP_459439.1
PLFEKH_17230,NP_459438.1
PLFEKH_17235,NP_459437.1
PLFEKH_17240,NP_459436.1
PLFEKH_17245,NP_459435.1
PLFEKH_17250,NP_459431.3
PLFEKH_17255,NP_459430.3
PLFEKH_17260,NP_459429.1
PLFEKH_17265,NP_459428.1
PLFEKH_17270,NP_459420.1
PLFEKH_17275,NP_459419.1
PLFEKH_17280,NP_459418.1
PLFEKH_17285,NP_459417.1
PLFEKH_17295,NP_459415.1
PLFEKH_17300,NP_459414.1
PLFEKH_17305,NP_459413.1
PLFEKH_17310,NP_459412.1
PLFEKH_17315,NP_459411.1
PLFEKH_17320,NP_459410.1
PLFEKH_17325,NP_459409.1
PLFEKH_17330,NP_459408.1
PLFEKH_17335,NP_459406.1
PLFEKH_17340,NP_459403.1
PLFEKH_17345,NP_459402.1
PLFEKH_17350,NP_459401.1
PLFEKH_17355,NP_459400.1
PLFEKH_17360,NP_459399.1
PLFEKH_17365,NP_459398.1
PLFEKH_17370,NP_459396.1
PLFEKH_17380,NP_459394.1
PLFEKH_17385,NP_459393.1
PLFEKH_17390,NP_459392.1
PLFEKH_17395,NP_459391.1
PLFEKH_17400,NP_459390.1
PLFEKH_17405,NP_459389.1
PLFEKH_17415,NP_459388.1
PLFEKH_17420,NP_459387.1
PLFEKH_17435,NP_459386.1
PLFEKH_17440,NP_459385.1
PLFEKH_17445,NP_459384.1
PLFEKH_17450,NP_459383.1
PLFEKH_17455,NP_459382.1
PLFEKH_17460,NP_459381.1
PLFEKH_17465,NP_459380.1
PLFEKH_17470,NP_459379.1
PLFEKH_17480,NP_459378.3
PLFEKH_17485,NP_459375.1
PLFEKH_17490,NP_459374.1
PLFEKH_17495,NP_459373.1
PLFEKH_17500,NP_459372.1
PLFEKH_17505,NP_459371.1
PLFEKH_17520,NP_459369.1
PLFEKH_17545,NP_459367.1
PLFEKH_17605,NP_460587.1
PLFEKH_17610,NP_460586.1
PLFEKH_17625,NP_463057.1
PLFEKH_17675,NP_460078.1
PLFEKH_17685,NP_459313.1
PLFEKH_17700,NP_462554.1
PLFEKH_17715,NP_459311.1
PLFEKH_17750,NP_462420.1
PLFEKH_17755,NP_462419.1
PLFEKH_17760,NP_459310.1
PLFEKH_17765,NP_459309.1
PLFEKH_17775,NP_459308.1
PLFEKH_17780,NP_459307.1
PLFEKH_17790,NP_459306.1
PLFEKH_17815,NP_459262.1
PLFEKH_17820,NP_459261.1
PLFEKH_17825,NP_459260.1
PLFEKH_17830,NP_459259.1
PLFEKH_17835,NP_459258.1
PLFEKH_17845,NP_459256.1
PLFEKH_17855,NP_459253.1
PLFEKH_17895,NP_459252.1
PLFEKH_17900,NP_459251.1
PLFEKH_17905,NP_459250.1
PLFEKH_17915,NP_459248.1
PLFEKH_17920,NP_459247.1
PLFEKH_17925,NP_459246.1
PLFEKH_17945,NP_459245.1
PLFEKH_17950,NP_459244.1
PLFEKH_17955,NP_459243.1
PLFEKH_17960,NP_459242.1
PLFEKH_17965,NP_459241.1
PLFEKH_17970,NP_459240.1
PLFEKH_17975,NP_459239.1
PLFEKH_17980,NP_459237.1
PLFEKH_17985,NP_459236.1
PLFEKH_17990,NP_459235.1
PLFEKH_17995,NP_459234.1
PLFEKH_18000,NP_459233.1
PLFEKH_18005,NP_459232.1
PLFEKH_18010,NP_459231.1
PLFEKH_18015,NP_459230.1
PLFEKH_18020,NP_459229.1
PLFEKH_18025,NP_459228.1
PLFEKH_18030,NP_459227.1
PLFEKH_18040,NP_459226.1
PLFEKH_18045,NP_459225.1
PLFEKH_18050,NP_459224.1
PLFEKH_18055,NP_459223.1
PLFEKH_18060,NP_459222.1
PLFEKH_18070,NP_459221.1
PLFEKH_18080,NP_459220.1
PLFEKH_18085,NP_459219.1
PLFEKH_18090,NP_459218.1
PLFEKH_18100,NP_459216.1
PLFEKH_18105,NP_459215.1
PLFEKH_18110,NP_459214.1
PLFEKH_18115,NP_459213.1
PLFEKH_18120,NP_459212.1
PLFEKH_18125,NP_459211.1
PLFEKH_18130,NP_459210.1
PLFEKH_18135,NP_459209.3
PLFEKH_18145,NP_459208.1
PLFEKH_18155,NP_459207.1
PLFEKH_18160,NP_459199.1
PLFEKH_18165,NP_459198.1
PLFEKH_18170,NP_459197.1
PLFEKH_18175,NP_459196.1
PLFEKH_18180,NP_459195.1
PLFEKH_18185,NP_459194.1
PLFEKH_18190,NP_459193.1
PLFEKH_18195,NP_459192.1
PLFEKH_18200,NP_459191.1
PLFEKH_18205,NP_459190.3
PLFEKH_18210,NP_459189.1
PLFEKH_18215,NP_459188.1
PLFEKH_18225,NP_459334.1
PLFEKH_18255,NP_459187.1
PLFEKH_18260,NP_459186.1
PLFEKH_18270,NP_459185.1
PLFEKH_18275,NP_459184.1
PLFEKH_18280,NP_459183.1
PLFEKH_18285,NP_459178.1
PLFEKH_18290,NP_459177.1
PLFEKH_18295,NP_459176.1
PLFEKH_18300,NP_459175.1
PLFEKH_18305,NP_459174.1
PLFEKH_18310,NP_459173.1
PLFEKH_18315,NP_459172.1
PLFEKH_18320,NP_459171.1
PLFEKH_18325,NP_459170.1
PLFEKH_18330,NP_459165.1
PLFEKH_18335,NP_459163.1
PLFEKH_18340,NP_459162.2
PLFEKH_18345,NP_459159.1
PLFEKH_18350,NP_459158.2
PLFEKH_18355,NP_459157.1
PLFEKH_18370,NP_459155.1
PLFEKH_18375,NP_459152.1
PLFEKH_18380,NP_459151.1
PLFEKH_18385,NP_459150.1
PLFEKH_18390,NP_459149.1
PLFEKH_18395,NP_459148.1
PLFEKH_18405,NP_459146.1
PLFEKH_18415,NP_459145.1
PLFEKH_18420,NP_459144.1
PLFEKH_18440,NP_459142.1
PLFEKH_18450,NP_459141.1
PLFEKH_18460,NP_459139.1
PLFEKH_18465,NP_459138.1
PLFEKH_18475,NP_459137.1
PLFEKH_18480,NP_459136.1
PLFEKH_18485,NP_459135.1
PLFEKH_18490,NP_459134.1
PLFEKH_18495,NP_459133.1
PLFEKH_18500,NP_459132.1
PLFEKH_18505,NP_459131.1
PLFEKH_18510,NP_459130.1
PLFEKH_18515,NP_459129.1
PLFEKH_18520,NP_459128.1
PLFEKH_18525,NP_459127.1
PLFEKH_18530,NP_459126.1
PLFEKH_18535,NP_459125.1
PLFEKH_18540,NP_459124.1
PLFEKH_18545,NP_459123.1
PLFEKH_18555,NP_459122.1
PLFEKH_18560,NP_459121.1
PLFEKH_18565,NP_459120.1
PLFEKH_18570,NP_459119.1
PLFEKH_18575,NP_459118.1
PLFEKH_18585,NP_459116.1
PLFEKH_18590,NP_459115.1
PLFEKH_18610,NP_459114.1
PLFEKH_18615,NP_459113.1
PLFEKH_18620,NP_459112.1
PLFEKH_18625,NP_459111.1
PLFEKH_18630,NP_459110.1
PLFEKH_18645,NP_459108.1
PLFEKH_18650,NP_459107.1
PLFEKH_18665,NP_459106.1
PLFEKH_18670,NP_459102.1
PLFEKH_18675,NP_459101.1
PLFEKH_18680,NP_459100.1
PLFEKH_18695,NP_459099.1
PLFEKH_18700,NP_459098.1
PLFEKH_18705,NP_459097.1
PLFEKH_18710,NP_459096.1
PLFEKH_18715,NP_459095.1
PLFEKH_18720,NP_459094.1
PLFEKH_18725,NP_459093.1
PLFEKH_18730,NP_459092.1
PLFEKH_18735,NP_459091.1
PLFEKH_18740,NP_459090.1
PLFEKH_18750,NP_459083.1
PLFEKH_18755,NP_459082.1
PLFEKH_18760,NP_459081.1
PLFEKH_18765,NP_459080.1
PLFEKH_18775,NP_459078.1
PLFEKH_18785,NP_459076.1
PLFEKH_18800,NP_459073.1
PLFEKH_18805,NP_459072.1
PLFEKH_18810,NP_459071.1
PLFEKH_18820,NP_459069.1
PLFEKH_18825,NP_459056.1
PLFEKH_18830,NP_459054.1
PLFEKH_18835,NP_459053.1
PLFEKH_18840,NP_459052.1
PLFEKH_18845,NP_459051.1
PLFEKH_18850,NP_459050.1
PLFEKH_18855,NP_459048.1
PLFEKH_18870,NP_459045.1
PLFEKH_18875,NP_459044.1
PLFEKH_18900,NP_459018.1
PLFEKH_18910,NP_459017.1
PLFEKH_18915,NP_459016.1
PLFEKH_18920,NP_459015.1
PLFEKH_18925,NP_459014.1
PLFEKH_18930,NP_459013.1
PLFEKH_18935,NP_459012.1
PLFEKH_18940,NP_459011.1
PLFEKH_18945,NP_459010.1
PLFEKH_18955,NP_459009.1
PLFEKH_18960,NP_459008.1
PLFEKH_18965,NP_459007.1
PLFEKH_18975,NP_463456.1
PLFEKH_18980,NP_463454.1
PLFEKH_18985,NP_463446.1
PLFEKH_18990,NP_463445.1
PLFEKH_18995,NP_463444.1
PLFEKH_19000,NP_463443.1
PLFEKH_19005,NP_463442.1
PLFEKH_19010,NP_463441.1
PLFEKH_19015,NP_463440.1
PLFEKH_19020,NP_463439.1
PLFEKH_19025,NP_463438.3
PLFEKH_19030,NP_463437.1
PLFEKH_19045,NP_463436.5
PLFEKH_19050,NP_463435.1
PLFEKH_19055,NP_463434.1
PLFEKH_19060,NP_463433.2
PLFEKH_19065,NP_463432.1
PLFEKH_19075,NP_463426.1
PLFEKH_19085,NP_463424.1
PLFEKH_19090,NP_463423.1
PLFEKH_19095,NP_463422.1
PLFEKH_19100,NP_463421.1
PLFEKH_19125,NP_463420.1
PLFEKH_19130,NP_463419.1
PLFEKH_19135,NP_463418.1
PLFEKH_19140,NP_463417.1
PLFEKH_19145,NP_463416.1
PLFEKH_19150,NP_463415.3
PLFEKH_19155,NP_463414.1
PLFEKH_19160,NP_463413.1
PLFEKH_19165,NP_463412.1
PLFEKH_19185,NP_463411.1
PLFEKH_19190,NP_463409.1
PLFEKH_19195,NP_463407.3
PLFEKH_19200,NP_463406.1
PLFEKH_19205,NP_463405.1
PLFEKH_19210,NP_463404.1
PLFEKH_19215,NP_463403.1
PLFEKH_19220,NP_463402.1
PLFEKH_19225,NP_463401.1
PLFEKH_19230,NP_463400.3
PLFEKH_19235,NP_461998.1
PLFEKH_19245,NP_462598.1
PLFEKH_19250,NP_463392.1
PLFEKH_19255,NP_463391.1
PLFEKH_19260,NP_463390.1
PLFEKH_19265,NP_463389.1
PLFEKH_19270,NP_463386.1
PLFEKH_19275,NP_463385.1
PLFEKH_19280,NP_463384.1
PLFEKH_19285,NP_463383.1
PLFEKH_19295,NP_463382.1
PLFEKH_19320,NP_463380.1
PLFEKH_19340,NP_463376.1
PLFEKH_19345,NP_463375.1
PLFEKH_19370,NP_463374.1
PLFEKH_19385,NP_463372.1
PLFEKH_19390,NP_463371.1
PLFEKH_19395,NP_463370.1
PLFEKH_19430,NP_462050.1
PLFEKH_19465,NP_462541.1
PLFEKH_19490,NP_459701.1
PLFEKH_19495,NP_460103.1
PLFEKH_19500,NP_460102.1
PLFEKH_19515,NP_463360.1
PLFEKH_19535,NP_460572.1
PLFEKH_19540,NP_460573.1
PLFEKH_19545,NP_460574.1
PLFEKH_19550,NP_460575.1
PLFEKH_19555,NP_460576.1
PLFEKH_19560,NP_460577.1
PLFEKH_19565,NP_462434.1
PLFEKH_19570,NP_462433.1
PLFEKH_19680,NP_460105.1
PLFEKH_19685,NP_460104.1
PLFEKH_19730,NP_463346.1
PLFEKH_19735,NP_463345.1
PLFEKH_19740,NP_463344.1
PLFEKH_19750,NP_463342.1
PLFEKH_19755,NP_463341.1
PLFEKH_19765,NP_463340.1
PLFEKH_19770,NP_463339.1
PLFEKH_19775,NP_463337.1
PLFEKH_19785,NP_463336.3
PLFEKH_19790,NP_463335.1
PLFEKH_19795,NP_463334.1
PLFEKH_19800,NP_463333.1
PLFEKH_19805,NP_463330.1
PLFEKH_19820,NP_463328.1
PLFEKH_19825,NP_460632.1
PLFEKH_19830,NP_460633.1
PLFEKH_19835,NP_460509.1
PLFEKH_19840,NP_463320.1
PLFEKH_19845,NP_463319.1
PLFEKH_19855,NP_463316.1
PLFEKH_19865,NP_463315.1
PLFEKH_19875,NP_463314.1
PLFEKH_19880,NP_463313.1
PLFEKH_19885,NP_463312.1
PLFEKH_19895,NP_463299.1
PLFEKH_19900,NP_463298.1
PLFEKH_19910,NP_463277.1
PLFEKH_19915,NP_463276.1
PLFEKH_19945,NP_463275.1
PLFEKH_19960,NP_463272.1
PLFEKH_19965,NP_463271.1
PLFEKH_19970,NP_463270.1
PLFEKH_19975,NP_463269.1
PLFEKH_19990,NP_463268.1
PLFEKH_20000,NP_463266.1
PLFEKH_20010,NP_463265.1
PLFEKH_20020,NP_463264.1
PLFEKH_20025,NP_463263.1
PLFEKH_20030,NP_463262.1
PLFEKH_20035,NP_463261.1
PLFEKH_20040,NP_463260.1
PLFEKH_20045,NP_463259.1
PLFEKH_20050,NP_463258.3
PLFEKH_20055,NP_463257.1
PLFEKH_20070,NP_463255.1
PLFEKH_20075,NP_463254.2
PLFEKH_20080,NP_463253.1
PLFEKH_20085,NP_463252.1
PLFEKH_20095,NP_463249.1
PLFEKH_20105,NP_463247.1
PLFEKH_20110,NP_463246.1
PLFEKH_20115,NP_463245.1
PLFEKH_20120,NP_463244.3
PLFEKH_20125,NP_463243.1
PLFEKH_20130,NP_463242.1
PLFEKH_20135,NP_463241.1
PLFEKH_20140,NP_463240.1
PLFEKH_20145,NP_463239.1
PLFEKH_20150,NP_463238.3
PLFEKH_20155,NP_463237.1
PLFEKH_20160,NP_463236.1
PLFEKH_20165,NP_463235.1
PLFEKH_20170,NP_463234.3
PLFEKH_20175,NP_463232.1
PLFEKH_20180,NP_463231.1
PLFEKH_20185,NP_463230.1
PLFEKH_20190,NP_463229.1
PLFEKH_20195,NP_463228.1
PLFEKH_20200,NP_463227.1
PLFEKH_20205,NP_463226.1
PLFEKH_20210,NP_463225.1
PLFEKH_20215,NP_463224.1
PLFEKH_20220,NP_463223.1
PLFEKH_20225,NP_463222.1
PLFEKH_20230,NP_463221.1
PLFEKH_20235,NP_463220.1
PLFEKH_20240,NP_463219.1
PLFEKH_20245,NP_463218.1
PLFEKH_20250,NP_463217.1
PLFEKH_20255,NP_463216.3
PLFEKH_20275,NP_463214.1
PLFEKH_20280,NP_463213.3
PLFEKH_20285,NP_463212.1
PLFEKH_20290,NP_463211.1
PLFEKH_20295,NP_463210.1
PLFEKH_20305,NP_463209.1
PLFEKH_20310,NP_463208.1
PLFEKH_20315,NP_463207.1
PLFEKH_20320,NP_463206.1
PLFEKH_20325,NP_463205.1
PLFEKH_20330,NP_463204.1
PLFEKH_20340,NP_463203.1
PLFEKH_20345,NP_463202.1
PLFEKH_20360,NP_463198.1
PLFEKH_20365,NP_463197.1
PLFEKH_20370,NP_463196.1
PLFEKH_20375,NP_463195.3
PLFEKH_20380,NP_463194.1
PLFEKH_20385,NP_463193.1
PLFEKH_20390,NP_463192.1
PLFEKH_20395,NP_463191.3
PLFEKH_20400,NP_463190.1
PLFEKH_20410,NP_463189.1
PLFEKH_20415,NP_463188.1
PLFEKH_20420,NP_463187.1
PLFEKH_20425,NP_463186.1
PLFEKH_20435,NP_461492.1
PLFEKH_20440,NP_461493.1
PLFEKH_20445,NP_461494.1
PLFEKH_20450,NP_461495.1
PLFEKH_20480,NP_463169.1
PLFEKH_20485,NP_463168.1
PLFEKH_20490,NP_463166.1
PLFEKH_20495,NP_463165.1
PLFEKH_20505,NP_463164.1
PLFEKH_20510,NP_463163.1
PLFEKH_20515,NP_463162.1
PLFEKH_20520,NP_463161.1
PLFEKH_20530,NP_463159.1
PLFEKH_20535,NP_463158.1
PLFEKH_20540,NP_463157.1
PLFEKH_20545,NP_463156.1
PLFEKH_20560,NP_463155.1
PLFEKH_20575,NP_463154.1
PLFEKH_20610,NP_463153.1
PLFEKH_20680,NP_463152.3
PLFEKH_20700,NP_460099.1
PLFEKH_20760,NP_463149.1
PLFEKH_20785,NP_463148.1
PLFEKH_20790,NP_463147.1
PLFEKH_20805,NP_463145.1
PLFEKH_20815,NP_463143.3
PLFEKH_20820,NP_463142.1
PLFEKH_20830,NP_463140.1
PLFEKH_20840,NP_463139.1
PLFEKH_20845,NP_463138.1
PLFEKH_20855,NP_463134.1
PLFEKH_20870,NP_463131.1
PLFEKH_20875,NP_463130.1
PLFEKH_20880,NP_463129.1
PLFEKH_20885,NP_463128.1
PLFEKH_20890,NP_463121.1
PLFEKH_20895,NP_463119.1
PLFEKH_20900,NP_463116.1
PLFEKH_20905,NP_463115.1
PLFEKH_20910,NP_463114.1
PLFEKH_20920,NP_463113.1
PLFEKH_20925,NP_463112.1
PLFEKH_20930,NP_463111.1
PLFEKH_20935,NP_463110.1
PLFEKH_20940,NP_463109.1
PLFEKH_20945,NP_463108.1
PLFEKH_20960,NP_463106.1
PLFEKH_20965,NP_463105.1
PLFEKH_20970,NP_463103.1
PLFEKH_20975,NP_463102.1
PLFEKH_20980,NP_463101.1
PLFEKH_20985,NP_463100.1
PLFEKH_20990,NP_463099.1
PLFEKH_20995,NP_463098.1
PLFEKH_21015,NP_463097.1
PLFEKH_21030,NP_463095.1
PLFEKH_21040,NP_463094.3
PLFEKH_21050,NP_463093.1
PLFEKH_21060,NP_463279.1
PLFEKH_21065,NP_463091.1
PLFEKH_21085,NP_463087.3
PLFEKH_21100,NP_463086.1
PLFEKH_21105,NP_463085.1
PLFEKH_21110,NP_463059.1
PLFEKH_21115,NP_463058.1
PLFEKH_21120,NP_463055.1
PLFEKH_21125,NP_463054.1
PLFEKH_21130,NP_463053.3
PLFEKH_21135,NP_463052.1
PLFEKH_21145,NP_463050.1
PLFEKH_21155,NP_463049.1
PLFEKH_21160,NP_463048.1
PLFEKH_21165,NP_463047.1
PLFEKH_21170,NP_463046.1
PLFEKH_21205,NP_463045.1
PLFEKH_21210,NP_463044.1
PLFEKH_21220,NP_463042.1
PLFEKH_21230,NP_463041.1
PLFEKH_21235,NP_463040.1
PLFEKH_21240,NP_463039.1
PLFEKH_21245,NP_463038.1
PLFEKH_21250,NP_463037.1
PLFEKH_21255,NP_463036.2
PLFEKH_21260,NP_463035.1
PLFEKH_21265,NP_463034.1
PLFEKH_21270,NP_463033.1
PLFEKH_21275,NP_463032.1
PLFEKH_21280,NP_463031.1
PLFEKH_21285,NP_463030.1
PLFEKH_21290,NP_463029.1
PLFEKH_21295,NP_463028.1
PLFEKH_21310,NP_463023.1
PLFEKH_21315,NP_463022.1
PLFEKH_21325,NP_463021.1
PLFEKH_21330,NP_463020.1
PLFEKH_21335,NP_463019.1
PLFEKH_21340,NP_463018.1
PLFEKH_21345,NP_463017.1
PLFEKH_21350,NP_463016.1
PLFEKH_21380,NP_463013.1
PLFEKH_21385,NP_463012.1
PLFEKH_21390,NP_463011.1
PLFEKH_21420,NP_463010.1
PLFEKH_21425,NP_463009.1
PLFEKH_21430,NP_463008.1
PLFEKH_21435,NP_463007.1
PLFEKH_21440,NP_463006.3
PLFEKH_21445,NP_463005.1
PLFEKH_21450,NP_463004.1
PLFEKH_21460,NP_463003.1
PLFEKH_21465,NP_463002.3
PLFEKH_21470,NP_463001.1
PLFEKH_21485,NP_462999.1
PLFEKH_21500,NP_462996.1
PLFEKH_21505,NP_462995.1
PLFEKH_21510,NP_462994.1
PLFEKH_21520,NP_462992.1
PLFEKH_21535,NP_462989.1
PLFEKH_21540,NP_462988.1
PLFEKH_21550,NP_462987.1
PLFEKH_21555,NP_462986.1
PLFEKH_21560,NP_462982.1
PLFEKH_21565,NP_462981.1
PLFEKH_21570,NP_462980.1
PLFEKH_21585,NP_462977.1
PLFEKH_21590,NP_462976.1
PLFEKH_21595,NP_462975.1
PLFEKH_21600,NP_462974.1
PLFEKH_21605,NP_462973.1
PLFEKH_21610,NP_462972.1
PLFEKH_21615,NP_462971.1
PLFEKH_21620,NP_462970.1
PLFEKH_21625,NP_462969.1
PLFEKH_21630,NP_462968.1
PLFEKH_21635,NP_462967.1
PLFEKH_21645,NP_462965.1
PLFEKH_21660,NP_462964.1
PLFEKH_21665,NP_462963.1
PLFEKH_21670,NP_462962.1
PLFEKH_21675,NP_462945.1
PLFEKH_21680,NP_462944.1
PLFEKH_21690,NP_462943.1
PLFEKH_21695,NP_462942.1
PLFEKH_21700,NP_462941.1
PLFEKH_21705,NP_462940.1
PLFEKH_21710,NP_462939.1
PLFEKH_21720,NP_462937.3
PLFEKH_21725,NP_459166.1
PLFEKH_21730,NP_462936.1
PLFEKH_21735,NP_462931.1
PLFEKH_21740,NP_462930.1
PLFEKH_21745,NP_462929.1
PLFEKH_21750,NP_462928.1
PLFEKH_21755,NP_462927.1
PLFEKH_21780,NP_462926.1
PLFEKH_21785,NP_462924.1
PLFEKH_21790,NP_462683.1
PLFEKH_21810,NP_462920.3
PLFEKH_21815,NP_462918.1
PLFEKH_21825,NP_462916.1
PLFEKH_21830,NP_462915.1
PLFEKH_21835,NP_462914.1
PLFEKH_21855,NP_462909.1
PLFEKH_21860,NP_462908.1
PLFEKH_21865,NP_462907.1
PLFEKH_21870,NP_462906.1
PLFEKH_21875,NP_462905.1
PLFEKH_21880,NP_462904.3
PLFEKH_21885,NP_462903.1
PLFEKH_21890,NP_462902.1
PLFEKH_21895,NP_462901.1
PLFEKH_21905,NP_462899.1
PLFEKH_21910,NP_462898.1
PLFEKH_21920,NP_462896.1
PLFEKH_21935,NP_459425.1
PLFEKH_21945,NP_462889.1
PLFEKH_21960,NP_462886.1
PLFEKH_21965,NP_462885.1
PLFEKH_21980,NP_462884.1
PLFEKH_21985,NP_462883.1
PLFEKH_22000,NP_462881.1
PLFEKH_22010,NP_462879.1
PLFEKH_22020,NP_462878.1
PLFEKH_22030,NP_462877.1
PLFEKH_22035,NP_462876.1
PLFEKH_22040,NP_462875.1
PLFEKH_22045,NP_462874.1
PLFEKH_22050,NP_462873.1
PLFEKH_22085,NP_462872.1
PLFEKH_22095,NP_462870.1
PLFEKH_22100,NP_462869.1
PLFEKH_22105,NP_462868.1
PLFEKH_22125,NP_462864.1
PLFEKH_22130,NP_462863.1
PLFEKH_22135,NP_462862.1
PLFEKH_22140,NP_462861.3
PLFEKH_22145,NP_462860.1
PLFEKH_22150,NP_462859.1
PLFEKH_22155,NP_462858.1
PLFEKH_22160,NP_462857.1
PLFEKH_22170,NP_462856.1
PLFEKH_22175,NP_462855.1
PLFEKH_22180,NP_462854.1
PLFEKH_22185,NP_462853.1
PLFEKH_22190,NP_462852.1
PLFEKH_22195,NP_462850.1
PLFEKH_22200,NP_462849.1
PLFEKH_22205,NP_462848.1
PLFEKH_22210,NP_462847.1
PLFEKH_22215,NP_462846.1
PLFEKH_22220,NP_462845.1
PLFEKH_22225,NP_462844.1
PLFEKH_22230,NP_462843.1
PLFEKH_22235,NP_462842.1
PLFEKH_22240,NP_462841.3
PLFEKH_22245,NP_462840.1
PLFEKH_22250,NP_462839.1
PLFEKH_22255,NP_462838.1
PLFEKH_22260,NP_462837.1
PLFEKH_22270,NP_462836.1
PLFEKH_22275,NP_462835.1
PLFEKH_22280,NP_462834.1
PLFEKH_22285,NP_462833.1
PLFEKH_22290,NP_462832.3
PLFEKH_22295,NP_462831.1
PLFEKH_22300,NP_462829.1
PLFEKH_22305,NP_462825.1
PLFEKH_22310,NP_462824.1
PLFEKH_22315,NP_462823.1
PLFEKH_22320,NP_462822.1
PLFEKH_22325,NP_462821.1
PLFEKH_22345,NP_462851.1
PLFEKH_22370,NP_462820.1
PLFEKH_22375,NP_462819.1
PLFEKH_22380,NP_462818.1
PLFEKH_22385,NP_462817.1
PLFEKH_22390,NP_462816.1
PLFEKH_22395,NP_462815.1
PLFEKH_22400,NP_462814.3
PLFEKH_22410,NP_462812.1
PLFEKH_22415,NP_462811.1
PLFEKH_22420,NP_462810.1
PLFEKH_22425,NP_462809.1
PLFEKH_22430,NP_462808.1
PLFEKH_22440,NP_462807.1
PLFEKH_22445,NP_462806.1
PLFEKH_22450,NP_462805.1
PLFEKH_22455,NP_462804.1
PLFEKH_22460,NP_462803.1
PLFEKH_22470,NP_462801.1
PLFEKH_22475,NP_462800.1
PLFEKH_22480,NP_462799.1
PLFEKH_22485,NP_462796.1
PLFEKH_22490,NP_462795.1
PLFEKH_22495,NP_462794.1
PLFEKH_22500,NP_462793.3
PLFEKH_22525,NP_462790.1
PLFEKH_22530,NP_462789.1
PLFEKH_22535,NP_462788.3
PLFEKH_22575,NP_462787.1
PLFEKH_22580,NP_462786.1
PLFEKH_22585,NP_462785.1
PLFEKH_22590,NP_462784.1
PLFEKH_22610,NP_462780.1
PLFEKH_22615,NP_462779.1
PLFEKH_22620,NP_462778.1
PLFEKH_22625,NP_462777.3
PLFEKH_22630,NP_462776.1
PLFEKH_22635,NP_462775.1
PLFEKH_22640,NP_462774.1
PLFEKH_22645,NP_462773.1
PLFEKH_22650,NP_462772.3
PLFEKH_22655,NP_462771.1
PLFEKH_22660,NP_462770.1
PLFEKH_22665,NP_462769.1
PLFEKH_22670,NP_462768.1
PLFEKH_22675,NP_462767.1
PLFEKH_22680,NP_462766.1
PLFEKH_22685,NP_462765.1
PLFEKH_22690,NP_462764.1
PLFEKH_22695,NP_462763.1
PLFEKH_22705,NP_462761.1
PLFEKH_22710,NP_462760.1
PLFEKH_22715,NP_462756.1
PLFEKH_22720,NP_462755.1
PLFEKH_22725,NP_462754.1
PLFEKH_22730,NP_462753.1
PLFEKH_22735,NP_462752.1
PLFEKH_22790,NP_462751.1
PLFEKH_22800,NP_462749.3
PLFEKH_22805,NP_462748.1
PLFEKH_22810,NP_462747.1
PLFEKH_22815,NP_462746.1
PLFEKH_22850,NP_462743.1
PLFEKH_22855,NP_462742.1
PLFEKH_22860,NP_462740.1
PLFEKH_22865,NP_462739.1
