codon,aa,name,cg,base,sel,freq
GCG,A,Ala,GC,G,0,2234
GCT,A,Ala,GC,T,-0.246156940612359,1554
GCC,A,Ala,GC,C,-0.305609623312019,1172
GCA,A,Ala,GC,A,-0.341102185743134,1415
TGC,C,Cys,TG,C,0,407
TGT,C,Cys,TG,T,-0.372844162077733,263
GAC,D,Asp,GA,C,0,2194
GAT,D,Asp,GA,T,-0.0404016273492335,2439
GAA,E,Glu,GA,A,0,4501
GAG,E,Glu,GA,G,-0.522634590024936,1293
TTC,F,Phe,TT,C,0,1758
TTT,F,Phe,TT,T,-0.500334944252884,914
GGC,G,Gly,GG,C,0,2237
GGT,G,Gly,GG,T,-0.106324975923281,2763
GGG,G,Gly,GG,G,-1.1852747012487,297
GGA,G,Gly,GG,A,-1.48303063923979,151
CAC,H,His,CA,C,0,937
CAT,H,His,CA,T,-0.311854162110352,583
ATC,I,Ile,AT,C,0,2678
ATT,I,Ile,AT,T,-0.40838219945871,1691
ATA,I,Ile,AT,A,-2.55419899043568,26
AAA,K,Lys,AA,A,0,3847
AAG,K,Lys,AA,G,-0.658335052644154,808
CTG,L,Leu,CT,G,0,4809
CTC,L,Leu,CT,C,-1.01815143322598,471
CTT,L,Leu,CT,T,-1.26147449392588,346
CTA,L,Leu,CT,A,-2.65489496026209,29
TTG,L,Leu,TT,G,0,339
TTA,L,Leu,TT,A,-0.136160000696034,264
AAC,N,Asn,AA,C,0,2321
AAT,N,Asn,AA,T,-0.708520515118984,654
CCG,P,Pro,CC,G,0,2101
CCT,P,Pro,CC,T,-0.95032948562828,296
CCA,P,Pro,CC,A,-1.01678970308515,396
CCC,P,Pro,CC,C,-1.67459846329219,71
CAG,Q,Gln,CA,G,0,2375
CAA,Q,Gln,CA,A,-0.866896796556358,533
AGA,R,Arg,AG,A,0,18
AGG,R,Arg,AG,G,-0.37853360258163,10
CGT,R,Arg,CG,T,0,2467
CGC,R,Arg,CG,C,-0.0803699110792806,1310
CGG,R,Arg,CG,G,-1.86456879510253,57
CGA,R,Arg,CG,A,-2.01708842770211,35
AGC,S,Ser,AG,C,0,891
AGT,S,Ser,AG,T,-1.07335381451899,164
TCC,S,Ser,TC,C,0,825
TCT,S,Ser,TC,T,-0.0546972097052919,1032
TCG,S,Ser,TC,G,-0.566958542382376,329
TCA,S,Ser,TC,A,-0.799625048806162,216
ACC,T,Thr,AC,C,0,1895
ACT,T,Thr,AC,T,-0.599955786507166,810
ACG,T,Thr,AC,G,-0.753770501478335,528
ACA,T,Thr,AC,A,-1.42833554852982,141
GTT,V,Val,GT,T,0,2137
GTG,V,Val,GT,G,-0.099441475901416,1691
GTC,V,Val,GT,C,-0.456943575689293,701
GTA,V,Val,GT,A,-0.529295831126397,865
TAC,Y,Tyr,TA,C,0,1140
TAT,Y,Tyr,TA,T,-0.400228140881456,850
