level,codon,n,total_wt_count,total_mut_count,total_count,error_rate
1,GCT,4520,11576,5,11581,0.000431741645799154
1,GCC,8468,18852,9,18861,0.00047717512327024
1,GCA,6206,14610,6,14616,0.000410509031198686
1,GCG,11747,27314,6,27320,0.000219619326500732
1,GAT,11169,29264,40,29304,0.00136500136500137
1,GAC,6415,16639,34,16673,0.0020392250944641
1,GAA,13688,28594,50,28644,0.00174556626169529
1,GAG,6092,11987,27,12014,0.00224737805893125
1,TTT,6673,10691,14,10705,0.00130780009341429
1,TTC,5043,8434,11,8445,0.00130254588513914
1,GGT,8050,17424,12,17436,0.000688231245698555
1,GGC,9760,20642,0,20642,0.000219619326500732
1,GGA,2191,4834,0,4834,0.000219619326500732
1,GGG,3639,7544,2,7546,0.000265041081367612
1,CAT,4382,6091,0,6091,0.000219619326500732
1,CAC,3245,4362,0,4362,0.000219619326500732
1,ATT,9726,25897,26,25923,0.00100297033522355
1,ATC,7767,19606,15,19621,0.000764487029203405
1,AAA,10588,16123,8,16131,0.000495939495381563
1,AAG,3112,3729,5,3734,0.00133904659882164
1,TTA,4184,11058,13,11071,0.00117423900280011
1,TTG,4490,11166,19,11185,0.00169870362092088
1,CTT,3426,9001,6,9007,0.000666148551126901
1,CTC,3547,9129,10,9139,0.00109421162052741
1,CTG,17924,48146,42,48188,0.000871586287042417
1,AAT,5232,11262,12,11274,0.00106439595529537
1,AAC,7005,16328,16,16344,0.000978952520802741
1,CCT,2261,6780,9,6789,0.00132567388422448
1,CCC,1649,4012,4,4016,0.00099601593625498
1,CCA,2809,8247,9,8256,0.00109011627906977
1,CCG,8321,22670,30,22700,0.0013215859030837
1,CAA,5279,10600,10,10610,0.000942507068803016
1,CAG,10143,21659,25,21684,0.00115292381479432
1,CGT,7650,9851,10,9861,0.00101409593347531
1,CGC,7995,10309,4,10313,0.000387859982546301
1,TCT,2410,5541,0,5541,0.000219619326500732
1,TCC,2660,5795,0,5795,0.000219619326500732
1,TCA,1930,4119,0,4119,0.000219619326500732
1,TCG,2879,6406,0,6406,0.000219619326500732
1,AGT,2617,5101,0,5101,0.000219619326500732
1,AGC,5225,11627,0,11627,0.000219619326500732
1,ACT,2607,6527,6,6533,0.000918414204806368
1,ACC,7618,16519,4,16523,0.000242086788113539
1,ACA,1833,3958,2,3960,0.000505050505050505
1,ACG,4817,10763,12,10775,0.00111368909512761
1,GTT,5531,11482,7,11489,0.000609278440247193
1,GTC,5051,10425,3,10428,0.000287686996547756
1,GTA,3404,7637,7,7644,0.000915750915750916
1,GTG,8739,18087,11,18098,0.000607801967068184
1,TAT,5036,8119,2,8121,0.00024627508927472
1,TAC,3827,6924,4,6928,0.000577367205542725
2,GCT,5258,83300,209,83509,0.00250272425726568
2,GCC,6282,54997,39,55036,0.000708627080456428
2,GCA,5995,72093,140,72233,0.00193817230351778
2,GCG,9391,96837,182,97019,0.00187592121130912
2,TGT,1070,6124,15,6139,0.00244339468968887
2,TGC,1527,8834,53,8887,0.00596376730055137
2,GAT,9306,108848,163,109011,0.00149526194604214
2,GAC,7139,104045,232,104277,0.00222484344582218
2,GAA,13780,164028,535,164563,0.00325103455819352
2,GAG,5181,49079,155,49234,0.00314823089734736
2,TTT,4192,31917,90,32007,0.00281188490017809
2,TTC,5420,54705,204,54909,0.00371523793913566
2,GGT,8848,117265,54,117319,0.000460283500541259
2,GGC,9310,106540,48,106588,0.000450332119938455
2,GGA,1249,9682,0,9682,0.000106484932382068
2,GGG,2016,16321,11,16332,0.000673524369336272
2,CAT,2761,19809,11,19820,0.000554994954591322
2,CAC,3198,28862,27,28889,0.000934611789954654
2,ATT,7159,83604,134,83738,0.00160022928658435
2,ATC,8302,128657,384,129041,0.0029757983896591
2,AAA,11776,98115,116,98231,0.00118088994309332
2,AAG,3253,23182,15,23197,0.000646635340776825
2,TTA,2004,17396,26,17422,0.00149236597405579
2,TTG,2299,23058,30,23088,0.0012993762993763
2,CTT,2103,21923,26,21949,0.00118456421704861
2,CTC,2376,26386,38,26424,0.00143808658795035
2,CTA,484,4421,7,4428,0.00158084914182475
2,CTG,16183,229138,523,229661,0.0022772695407579
2,AAT,3520,31666,117,31783,0.00368121322719693
2,AAC,7506,92859,417,93276,0.00447060337064197
2,CCT,1556,19820,39,19859,0.00196384510801148
2,CCC,782,6647,2,6649,0.000300797112347721
2,CCA,2138,24950,48,24998,0.00192015361228898
2,CCG,7367,98684,252,98936,0.00254710115630306
2,CAA,3098,28146,75,28221,0.00265759540767514
2,CAG,8280,92250,300,92550,0.00324149108589951
2,CGT,7679,55050,66,55116,0.00119747441759199
2,CGC,5895,33279,30,33309,0.000900657479960371
2,TCT,2989,41655,12,41667,0.000287997696018432
2,TCC,2828,34809,14,34823,0.000402033139017316
2,TCA,1208,9390,1,9391,0.000106484932382068
2,TCG,1678,13746,2,13748,0.000145475705557172
2,AGT,1352,8923,4,8927,0.000448078861879691
2,AGC,3990,37440,6,37446,0.000160230732254446
2,ACT,3019,46308,130,46438,0.0027994315000646
2,ACC,7396,89719,182,89901,0.0020244491162501
2,ACA,1194,9463,23,9486,0.00242462576428421
2,ACG,2976,26442,30,26472,0.00113327289211242
2,GTT,6316,89820,289,90109,0.00320722680309403
2,GTC,3699,32436,62,32498,0.00190780971136685
2,GTA,3450,44669,171,44840,0.0038135593220339
2,GTG,7047,64044,159,64203,0.00247651978879492
2,TAT,3613,27301,19,27320,0.000695461200585652
2,TAC,3945,39694,36,39730,0.000906116284923232
