gene,freq
PLFEKH_00015,0.61527363404175
PLFEKH_00020,0.501285877485278
PLFEKH_00025,0.68087146283672
PLFEKH_00040,0.587409812409812
PLFEKH_00080,0.395151546796284
PLFEKH_00100,0.469053848240505
PLFEKH_00205,0.502378766100087
PLFEKH_00215,0.577256156102406
PLFEKH_00275,0.453248044002644
PLFEKH_00290,0.578644285997227
PLFEKH_00295,0.476025281907635
PLFEKH_00300,0.526040490266634
PLFEKH_00315,0.352242583929456
PLFEKH_00360,0.430792537378215
PLFEKH_00365,0.381090668590669
PLFEKH_00380,0.4198642742121
PLFEKH_00390,0.483216688853944
PLFEKH_00455,0.465687577529683
PLFEKH_00460,0.636731355971552
PLFEKH_00470,0.553511979124724
PLFEKH_00480,0.396410533910534
PLFEKH_00485,0.542900454665161
PLFEKH_00495,0.654995943598885
PLFEKH_00560,0.571674556762276
PLFEKH_00565,0.634733707880722
PLFEKH_00605,0.473469764478536
PLFEKH_00710,0.488251898791114
PLFEKH_00715,0.455483973347105
PLFEKH_00725,0.453825747027501
PLFEKH_00730,0.404470991970992
PLFEKH_00750,0.494244851152746
PLFEKH_00755,0.414395308787157
PLFEKH_00770,0.428946743639726
PLFEKH_00780,0.652770531937199
PLFEKH_00785,0.6691451201446
PLFEKH_00830,0.454325767022911
PLFEKH_00865,0.50159672300446
PLFEKH_00900,0.532079263329263
PLFEKH_00910,0.440860923278559
PLFEKH_00960,0.566951479892656
PLFEKH_00970,0.471117882998056
PLFEKH_00975,0.571435320617946
PLFEKH_00980,0.48396061163447
PLFEKH_00985,0.598327870386694
PLFEKH_00990,0.387814962814963
PLFEKH_00995,0.436873812950457
PLFEKH_01005,0.522600989545434
PLFEKH_01020,0.54457297721897
PLFEKH_01025,0.407101999583884
PLFEKH_01145,0.574345364182489
PLFEKH_01155,0.659750093628588
PLFEKH_01165,0.526382181287523
PLFEKH_01195,0.48138199161806
PLFEKH_01225,0.537148342212683
PLFEKH_01290,0.457327240660574
PLFEKH_01315,0.477424059690902
PLFEKH_01345,0.538870504495504
PLFEKH_01350,0.573852230636328
PLFEKH_01355,0.637811216990784
PLFEKH_01360,0.630303841001781
PLFEKH_01370,0.593220205720206
PLFEKH_01380,0.584134941435524
PLFEKH_01395,0.604221076959506
PLFEKH_01425,0.504378236705823
PLFEKH_01470,0.508279837446504
PLFEKH_01500,0.471404515536885
PLFEKH_01510,0.514044509070094
PLFEKH_01520,0.57389458032574
PLFEKH_01525,0.443484223905611
PLFEKH_01530,0.532576850807045
PLFEKH_01540,0.50501625567415
PLFEKH_01575,0.514468280370354
PLFEKH_01580,0.538401033074261
PLFEKH_01585,0.497277123687364
PLFEKH_01620,0.588041640660683
PLFEKH_01630,0.570009731175289
PLFEKH_01645,0.547917954215908
PLFEKH_01650,0.671475209596555
PLFEKH_01655,0.414429547986666
PLFEKH_01660,0.621178050344717
PLFEKH_01670,0.393165784832452
PLFEKH_01675,0.480650571759637
PLFEKH_01685,0.552275972255402
PLFEKH_01710,0.404592293519629
PLFEKH_01720,0.394086112824354
PLFEKH_01740,0.555373221549692
PLFEKH_01770,0.51688170217582
PLFEKH_01820,0.525108943726075
PLFEKH_01835,0.669220667560736
PLFEKH_01840,0.586495559887373
PLFEKH_01870,0.481488970743357
PLFEKH_01875,0.444348533278739
PLFEKH_01890,0.549141789582966
PLFEKH_01900,0.429421626132152
PLFEKH_01905,0.611784433261513
PLFEKH_01935,0.58529526029526
PLFEKH_01970,0.67827019105327
PLFEKH_02085,0.647509800141379
PLFEKH_02170,0.465986504711995
PLFEKH_02195,0.601675898029527
PLFEKH_02225,0.444898710333506
PLFEKH_02230,0.379460816960817
PLFEKH_02245,0.323597081930415
PLFEKH_02355,0.649895329375333
PLFEKH_02385,0.459909645244613
PLFEKH_02395,0.411279411352936
PLFEKH_02405,0.644908021441861
PLFEKH_02415,0.430149835258194
PLFEKH_02420,0.457140204641104
PLFEKH_02445,0.49355172109223
PLFEKH_02450,0.504507203858655
PLFEKH_02470,0.526482121569504
PLFEKH_02475,0.421889838556505
PLFEKH_02490,0.427732958056463
PLFEKH_02515,0.506715588333235
PLFEKH_02530,0.378119920807829
PLFEKH_02570,0.530564032958669
PLFEKH_02630,0.649935985377807
PLFEKH_02635,0.607748241832968
PLFEKH_02640,0.440186881020214
PLFEKH_02645,0.447662076481166
PLFEKH_02670,0.423680078091843
PLFEKH_02685,0.509443524884701
PLFEKH_02700,0.466031216682037
PLFEKH_02725,0.477980010185893
PLFEKH_02735,0.334746734746735
PLFEKH_02765,0.564298389480553
PLFEKH_02775,0.497018522508719
PLFEKH_02795,0.586256369770862
PLFEKH_02800,0.449383957457961
PLFEKH_02820,0.634059387290777
PLFEKH_02825,0.450871659204993
PLFEKH_02830,0.582294167820484
PLFEKH_02850,0.544982531400903
PLFEKH_02865,0.612340390652958
PLFEKH_02870,0.642533645260048
PLFEKH_02885,0.547554451721118
PLFEKH_02900,0.714373564246954
PLFEKH_02905,0.406067643429235
PLFEKH_02915,0.666885451892836
PLFEKH_02925,0.523056958473625
PLFEKH_02930,0.509983766233766
PLFEKH_02935,0.48589270147774
PLFEKH_02990,0.48953342631663
PLFEKH_03130,0.471873409735729
PLFEKH_03135,0.570848915768336
PLFEKH_03145,0.624958972761384
PLFEKH_03155,0.468590619473533
PLFEKH_03165,0.453341809334456
PLFEKH_03175,0.388964104160183
PLFEKH_03180,0.427394445920661
PLFEKH_03195,0.546905871905872
PLFEKH_03245,0.532641902378745
PLFEKH_03250,0.676484857184237
PLFEKH_03265,0.582832971584298
PLFEKH_03275,0.505343428712994
PLFEKH_03290,0.537213376674161
PLFEKH_03355,0.487675154366331
PLFEKH_03360,0.432645799792511
PLFEKH_03370,0.482443174109841
PLFEKH_03385,0.673652640666969
PLFEKH_03390,0.445977812583205
PLFEKH_03400,0.514105722727341
PLFEKH_03450,0.478214243179455
PLFEKH_03460,0.55988544634378
PLFEKH_03465,0.469679802614864
PLFEKH_03470,0.520981349804879
PLFEKH_03560,0.543767754878866
PLFEKH_03565,0.691641865079365
PLFEKH_03570,0.526868537972617
PLFEKH_03585,0.472365869424693
PLFEKH_03595,0.569833744869839
PLFEKH_03610,0.492148993360779
PLFEKH_03640,0.533051278956243
PLFEKH_03645,0.577061989341771
PLFEKH_03650,0.507417428250762
PLFEKH_03655,0.426914448513176
PLFEKH_03660,0.533173314944928
PLFEKH_03685,0.506875093363076
PLFEKH_03690,0.470041763791764
PLFEKH_03700,0.45607221980201
PLFEKH_03755,0.556450452595048
PLFEKH_03765,0.54096695038724
PLFEKH_03770,0.643432473704232
PLFEKH_03800,0.457843137254902
PLFEKH_03930,0.498600201541378
PLFEKH_03935,0.619417241452554
PLFEKH_03950,0.427046175072491
PLFEKH_03985,0.483267463530621
PLFEKH_04005,0.390140850434968
PLFEKH_04010,0.341664338044044
PLFEKH_04025,0.572400284900285
PLFEKH_04035,0.549669312169312
PLFEKH_04045,0.583633224443044
PLFEKH_04050,0.635540239487608
PLFEKH_04055,0.58190820257398
PLFEKH_04060,0.561029711029711
PLFEKH_04070,0.725481417181736
PLFEKH_04105,0.437447840225618
PLFEKH_04110,0.701537924459358
PLFEKH_04115,0.761204373207727
PLFEKH_04180,0.462401606874263
PLFEKH_04215,0.619424751213922
PLFEKH_04220,0.465615419438949
PLFEKH_04225,0.488166648166648
PLFEKH_04235,0.535462175021375
PLFEKH_04245,0.58164337014807
PLFEKH_04295,0.425288219405866
PLFEKH_04310,0.646857431899377
PLFEKH_04545,0.430166673807025
PLFEKH_04585,0.398229887396554
PLFEKH_04600,0.485165441572685
PLFEKH_04605,0.437918669753465
PLFEKH_04610,0.493312089145422
PLFEKH_04640,0.461347598242287
PLFEKH_04650,0.565151515151515
PLFEKH_04675,0.505493082734765
PLFEKH_04680,0.46348297477238
PLFEKH_04685,0.514299750432143
PLFEKH_04690,0.403122223239483
PLFEKH_04700,0.508089486850186
PLFEKH_04720,0.506143845498065
PLFEKH_04730,0.415552421434774
PLFEKH_04740,0.483452711193939
PLFEKH_04755,0.42384770579215
PLFEKH_04765,0.528620083238246
PLFEKH_04770,0.360008818342152
PLFEKH_04800,0.477828999376821
PLFEKH_04805,0.470564774731441
PLFEKH_04810,0.552395317582044
PLFEKH_04815,0.704245754245754
PLFEKH_04820,0.507655324958683
PLFEKH_04825,0.526062209395543
PLFEKH_04845,0.411253793095225
PLFEKH_04865,0.486484482595594
PLFEKH_04870,0.421561099195933
PLFEKH_04875,0.388053519742116
PLFEKH_04880,0.566733017292406
PLFEKH_04900,0.593665124773531
PLFEKH_04905,0.770269427727008
PLFEKH_04980,0.565887202535669
PLFEKH_04985,0.602179382126147
PLFEKH_05040,0.294781852134793
PLFEKH_05045,0.582423749090416
PLFEKH_05050,0.51318832839268
PLFEKH_05165,0.505264153058271
PLFEKH_05175,0.580114638447972
PLFEKH_05250,0.470961808102331
PLFEKH_05255,0.407049107618576
PLFEKH_05265,0.354109850801027
PLFEKH_05305,0.502850216232569
PLFEKH_05315,0.687536852573085
PLFEKH_05325,0.585413693521138
PLFEKH_05425,0.590714378214378
PLFEKH_05435,0.370505207477144
PLFEKH_05440,0.433767661485053
PLFEKH_05445,0.460703563618898
PLFEKH_05520,0.439549720432073
PLFEKH_05525,0.505136684303351
PLFEKH_05715,0.480416519557611
PLFEKH_05720,0.480630659139431
PLFEKH_05730,0.48613646415504
PLFEKH_05735,0.437774126744715
PLFEKH_05740,0.628372263771009
PLFEKH_05785,0.434801291664037
PLFEKH_05790,0.400922730874422
PLFEKH_05795,0.466859402544886
PLFEKH_05815,0.506617647058824
PLFEKH_05820,0.427880838297505
PLFEKH_05835,0.524560942989736
PLFEKH_05870,0.349399997238923
PLFEKH_05880,0.534359363403481
PLFEKH_05890,0.438356176263399
PLFEKH_05905,0.597715247715248
PLFEKH_05935,0.544219586924399
PLFEKH_05940,0.421148459383754
PLFEKH_05945,0.386845006033603
PLFEKH_05960,0.433494609965198
PLFEKH_05975,0.619933714811041
PLFEKH_05980,0.525941678386209
PLFEKH_05985,0.505036249153896
PLFEKH_05990,0.603910958322723
PLFEKH_06040,0.443888950597121
PLFEKH_06045,0.568558900070617
PLFEKH_06060,0.430441436016371
PLFEKH_06070,0.43809451106465
PLFEKH_06080,0.578088882111523
PLFEKH_06085,0.653452749724097
PLFEKH_06160,0.451926988528296
PLFEKH_06170,0.442755610402669
PLFEKH_06175,0.706845115668645
PLFEKH_06180,0.466865079365079
PLFEKH_06195,0.663802016411067
PLFEKH_06215,0.563191760578354
PLFEKH_06230,0.619591357867502
PLFEKH_06255,0.439141910632258
PLFEKH_06260,0.439471497351452
PLFEKH_06270,0.617601071767738
PLFEKH_06280,0.505861325059961
PLFEKH_06290,0.528528583443332
PLFEKH_06300,0.520463360169243
PLFEKH_06305,0.548985899285809
PLFEKH_06320,0.69871481329461
PLFEKH_06325,0.665687468944693
PLFEKH_06355,0.433204226081061
PLFEKH_06360,0.490322262988503
PLFEKH_06385,0.46699650657984
PLFEKH_06395,0.512100003951666
PLFEKH_06400,0.444806535054213
PLFEKH_06475,0.478343137081415
PLFEKH_06495,0.522253632036241
PLFEKH_06500,0.39448817856714
PLFEKH_06525,0.404308728040612
PLFEKH_06565,0.515727890133944
PLFEKH_06570,0.493581572748239
PLFEKH_06575,0.585114947182476
PLFEKH_06600,0.496203642036975
PLFEKH_06645,0.655004964723635
PLFEKH_06665,0.426586989196638
PLFEKH_06670,0.502477388261702
PLFEKH_06675,0.491029798728761
PLFEKH_06695,0.719226992143659
PLFEKH_06725,0.652606870253929
PLFEKH_06740,0.572498637464035
PLFEKH_06765,0.354636705075302
PLFEKH_06775,0.530631126686905
PLFEKH_06785,0.427532335173099
PLFEKH_06800,0.503077169158036
PLFEKH_06810,0.458211251953082
PLFEKH_06860,0.625422206599611
PLFEKH_06885,0.39015219822101
PLFEKH_06910,0.44839693909387
PLFEKH_06920,0.398509240190381
PLFEKH_06925,0.481458601311543
PLFEKH_06970,0.499331532664866
PLFEKH_06980,0.453946178773168
PLFEKH_07045,0.410489906068139
PLFEKH_07160,0.543650793650794
PLFEKH_07180,0.48210288771883
PLFEKH_07185,0.413022857233384
PLFEKH_07240,0.602056277056277
PLFEKH_07245,0.583831908831909
PLFEKH_07275,0.656597979095399
PLFEKH_07285,0.364605118684815
PLFEKH_07290,0.425584749932265
PLFEKH_07300,0.506323152156485
PLFEKH_07315,0.445516103822981
PLFEKH_07330,0.590607129360057
PLFEKH_07360,0.455882352941176
PLFEKH_07370,0.40799985709406
PLFEKH_07380,0.421516754850088
PLFEKH_07405,0.699901558149804
PLFEKH_07410,0.705321201702781
PLFEKH_07430,0.434483027273895
PLFEKH_07440,0.536189995361822
PLFEKH_07445,0.467223649006771
PLFEKH_07460,0.555493734660401
PLFEKH_07465,0.671533646171327
PLFEKH_07475,0.602341693002613
PLFEKH_07480,0.651938679788108
PLFEKH_07485,0.662978761005077
PLFEKH_07505,0.635150180771634
PLFEKH_07510,0.588295494327897
PLFEKH_07515,0.584150626062391
PLFEKH_07570,0.474765392583375
PLFEKH_07575,0.525211012106173
PLFEKH_07585,0.693296055796056
PLFEKH_07595,0.42685488973095
PLFEKH_07615,0.393215256492314
PLFEKH_07620,0.447009780343114
PLFEKH_07625,0.422158886639871
PLFEKH_07630,0.446395600231917
PLFEKH_07640,0.344955507455507
PLFEKH_07655,0.469782190632781
PLFEKH_07695,0.473530480401132
PLFEKH_07700,0.546655017291263
PLFEKH_07710,0.454108499525166
PLFEKH_07730,0.650756017861281
PLFEKH_07740,0.634996008297534
PLFEKH_07755,0.631036676684803
PLFEKH_07820,0.415462652877591
PLFEKH_07840,0.412369295965819
PLFEKH_07855,0.515577314842021
PLFEKH_07860,0.414013165483754
PLFEKH_07870,0.462808171162884
PLFEKH_07935,0.632450095977163
PLFEKH_07940,0.501244588744589
PLFEKH_07955,0.513359788359788
PLFEKH_08020,0.451597260340678
PLFEKH_08030,0.488696087862755
PLFEKH_08040,0.475730891362027
PLFEKH_08060,0.362997704775996
PLFEKH_08065,0.422203190340445
PLFEKH_08070,0.460560815578117
PLFEKH_08075,0.428930016861051
PLFEKH_08080,0.443320222946196
PLFEKH_08120,0.537968329248606
PLFEKH_08130,0.523928022774806
PLFEKH_08170,0.533506693923361
PLFEKH_08175,0.576473808054345
PLFEKH_08180,0.480785233285233
PLFEKH_08185,0.635341825436855
PLFEKH_08200,0.504325920992588
PLFEKH_08205,0.480874292832497
PLFEKH_08210,0.465367623480369
PLFEKH_08235,0.447933484930389
PLFEKH_08240,0.375778139988666
PLFEKH_08250,0.391469487302821
PLFEKH_08255,0.515231681898349
PLFEKH_08270,0.48686316931931
PLFEKH_08300,0.4693310506907
PLFEKH_08305,0.520630481900505
PLFEKH_08310,0.542324787970412
PLFEKH_08420,0.518563612313612
PLFEKH_08470,0.417430717430717
PLFEKH_08495,0.516500945817834
PLFEKH_08500,0.502150959826398
PLFEKH_08575,0.379957215986628
PLFEKH_08595,0.589213810880478
PLFEKH_08610,0.492624916236027
PLFEKH_08615,0.567193998811646
PLFEKH_08625,0.510105263108553
PLFEKH_08705,0.37712669820588
PLFEKH_08710,0.519292315250778
PLFEKH_08730,0.591654795821463
PLFEKH_08740,0.537409812409812
PLFEKH_08745,0.395679363114345
PLFEKH_08775,0.48823252364919
PLFEKH_08805,0.475284464990347
PLFEKH_08960,0.420187836854504
PLFEKH_08965,0.35210296239708
PLFEKH_08995,0.442080088094097
PLFEKH_09100,0.353143686694411
PLFEKH_09105,0.348028496557908
PLFEKH_09145,0.376334141898736
PLFEKH_09200,0.492221208778226
PLFEKH_09215,0.310234135311354
PLFEKH_09255,0.436385817144555
PLFEKH_09270,0.492862013509422
PLFEKH_09285,0.418905578425702
PLFEKH_09335,0.570731671250702
PLFEKH_09345,0.423805180326919
PLFEKH_09370,0.47892817419374
PLFEKH_09405,0.565030525030525
PLFEKH_09415,0.459866541697037
PLFEKH_09460,0.431793236378444
PLFEKH_09475,0.315560583207642
PLFEKH_09575,0.454711890133717
PLFEKH_09620,0.376941219811371
PLFEKH_09630,0.515787159542488
PLFEKH_09635,0.434496475076185
PLFEKH_09675,0.575887387831571
PLFEKH_09685,0.350795183393223
PLFEKH_09710,0.467460317460317
PLFEKH_09715,0.458273208273208
PLFEKH_09735,0.635531126815252
PLFEKH_09775,0.401280971047407
PLFEKH_09795,0.498922069446168
PLFEKH_09800,0.431704968959871
PLFEKH_09805,0.627082920710372
PLFEKH_09810,0.358728154561488
PLFEKH_09820,0.524403802419153
PLFEKH_09825,0.494528291646742
PLFEKH_09835,0.329085405335405
PLFEKH_09860,0.410483576323021
PLFEKH_09865,0.517460317460318
PLFEKH_09920,0.415494549199483
PLFEKH_09925,0.476170423818111
PLFEKH_09930,0.381776008793105
PLFEKH_09945,0.535462216295947
PLFEKH_09980,0.326793141499024
PLFEKH_10015,0.519502305133475
PLFEKH_10035,0.452268822270112
PLFEKH_10055,0.48529207457871
PLFEKH_10070,0.506853431831072
PLFEKH_10080,0.448883594461173
PLFEKH_10155,0.276547218213885
PLFEKH_10170,0.435989160752943
PLFEKH_10180,0.487137740427214
PLFEKH_10185,0.485559726714697
PLFEKH_10200,0.511609686609687
PLFEKH_10260,0.489694564694565
PLFEKH_10265,0.329854623933571
PLFEKH_10270,0.494971146485225
PLFEKH_10280,0.521548821548822
PLFEKH_10285,0.486601355034497
PLFEKH_10360,0.484668726335393
PLFEKH_10365,0.485261388221915
PLFEKH_10370,0.473924887748417
PLFEKH_10375,0.460809635234923
PLFEKH_10380,0.397488441115892
PLFEKH_10405,0.469965065798399
PLFEKH_10435,0.395451134157218
PLFEKH_10450,0.501687861000174
PLFEKH_10485,0.460649308456326
PLFEKH_10520,0.57708933133132
PLFEKH_10545,0.695527692122119
PLFEKH_10550,0.608372454684439
PLFEKH_10590,0.350433492073237
PLFEKH_10600,0.462394781144781
PLFEKH_10605,0.510286557267981
PLFEKH_10610,0.531411906678703
PLFEKH_10625,0.43455401810665
PLFEKH_10630,0.501133933241776
PLFEKH_10695,0.441453003888847
PLFEKH_10720,0.505864072679933
PLFEKH_10725,0.439204014939309
PLFEKH_10730,0.474114204197876
PLFEKH_10735,0.448927787898376
PLFEKH_10745,0.371845787415963
PLFEKH_10755,0.696265030858506
PLFEKH_10785,0.38256552940461
PLFEKH_10825,0.417014858087228
PLFEKH_10835,0.434647056828429
PLFEKH_10840,0.477123629964972
PLFEKH_10845,0.402409718095993
PLFEKH_10875,0.46751581219972
PLFEKH_10900,0.439282759370175
PLFEKH_10915,0.496504884004884
PLFEKH_10950,0.414835867299635
PLFEKH_10965,0.61308916749738
PLFEKH_10970,0.467904634352003
PLFEKH_10980,0.623675634113523
PLFEKH_11005,0.461389228968984
PLFEKH_11035,0.464208086223657
PLFEKH_11040,0.488969020474868
PLFEKH_11045,0.416892320642321
PLFEKH_11090,0.532555450470961
PLFEKH_11095,0.484749386019667
PLFEKH_11100,0.503205176691885
PLFEKH_11105,0.374996145829479
PLFEKH_11110,0.424272534268582
PLFEKH_11130,0.503568698911836
PLFEKH_11140,0.490741718986021
PLFEKH_11145,0.49077826373578
PLFEKH_11165,0.364652014652015
PLFEKH_11195,0.524778300474895
PLFEKH_11200,0.40416325542022
PLFEKH_11480,0.390691661279897
PLFEKH_11515,0.382170177126317
PLFEKH_11545,0.444617425917736
PLFEKH_11585,0.339218397796829
PLFEKH_11720,0.43199685107096
PLFEKH_11790,0.53970840876461
PLFEKH_11810,0.546298146298146
PLFEKH_11845,0.64002313772021
PLFEKH_11850,0.623331457939301
PLFEKH_11870,0.351402918069585
PLFEKH_11915,0.495552598868011
PLFEKH_11920,0.532100867221974
PLFEKH_11960,0.387775579158448
PLFEKH_12005,0.491916068743162
PLFEKH_12015,0.398371683335451
PLFEKH_12030,0.54597967392085
PLFEKH_12045,0.416850099077406
PLFEKH_12060,0.467798028293438
PLFEKH_12065,0.406030971665647
PLFEKH_12135,0.56115183181251
PLFEKH_12300,0.366509730418642
PLFEKH_12305,0.519045451643491
PLFEKH_12320,0.478358819531094
PLFEKH_12490,0.52506475006475
PLFEKH_12565,0.53558991449017
PLFEKH_12580,0.484668353612892
PLFEKH_12585,0.382695459001581
PLFEKH_12625,0.394700320218567
PLFEKH_12635,0.492024340393906
PLFEKH_12725,0.424061381005825
PLFEKH_12770,0.48001047861953
PLFEKH_12775,0.467481709782434
PLFEKH_12785,0.456632855162267
PLFEKH_12790,0.428898616302708
PLFEKH_12795,0.633376422959756
PLFEKH_12800,0.449340959709672
PLFEKH_12805,0.525414213127057
PLFEKH_12810,0.401761205232637
PLFEKH_12840,0.520481164925609
PLFEKH_12860,0.449908966383882
PLFEKH_12890,0.54586260115445
PLFEKH_12900,0.448590790226609
PLFEKH_12905,0.498575036075036
PLFEKH_12915,0.552951537121087
PLFEKH_12930,0.376547222270906
PLFEKH_12940,0.47495108286775
PLFEKH_12945,0.480666709833377
PLFEKH_12950,0.475542528316006
PLFEKH_12955,0.546293459626793
PLFEKH_12960,0.446773288439955
PLFEKH_13015,0.423561159629271
PLFEKH_13025,0.455917945959506
PLFEKH_13040,0.455193560764495
PLFEKH_13075,0.615955116183565
PLFEKH_13100,0.494179894179894
PLFEKH_13105,0.379506377599773
PLFEKH_13110,0.401337478311163
PLFEKH_13120,0.431608669108669
PLFEKH_13145,0.662445497115826
PLFEKH_13150,0.644053168911435
PLFEKH_13155,0.543844652717518
PLFEKH_13165,0.436421524087795
PLFEKH_13175,0.402368462646567
PLFEKH_13240,0.557763532763533
PLFEKH_13260,0.558012537475902
PLFEKH_13265,0.428180307346974
PLFEKH_13280,0.615451642386851
PLFEKH_13300,0.631767296187231
PLFEKH_13335,0.507712208531539
PLFEKH_13350,0.501282667949335
PLFEKH_13360,0.409025931832949
PLFEKH_13365,0.417339864261771
PLFEKH_13370,0.414265055931723
PLFEKH_13375,0.506870050725213
PLFEKH_13380,0.480122501490701
PLFEKH_13385,0.464263668430335
PLFEKH_13390,0.485477067971214
PLFEKH_13450,0.491740127423518
PLFEKH_13525,0.642058288257119
PLFEKH_13540,0.588608310151699
PLFEKH_13550,0.612707673287739
PLFEKH_13560,0.392229796457143
PLFEKH_13565,0.485366512572395
PLFEKH_13570,0.536010507206159
PLFEKH_13590,0.589341285756727
PLFEKH_13605,0.423304473304473
PLFEKH_13610,0.419901425655901
PLFEKH_13615,0.420601449342391
PLFEKH_13635,0.503851161274217
PLFEKH_13640,0.40157401889858
PLFEKH_13650,0.436799543049543
PLFEKH_13660,0.56302132285687
PLFEKH_13670,0.466916725250059
PLFEKH_13675,0.367559692233205
PLFEKH_13705,0.441583670505239
PLFEKH_13710,0.438523821857155
PLFEKH_13720,0.472324172367425
PLFEKH_13725,0.357739140891315
PLFEKH_13745,0.494764880181547
PLFEKH_13750,0.454456149245839
PLFEKH_13755,0.295280353638552
PLFEKH_13775,0.414835164835165
PLFEKH_13780,0.424557944975677
PLFEKH_13785,0.600105897767224
PLFEKH_13795,0.482111948442786
PLFEKH_13800,0.486254792678941
PLFEKH_13825,0.521978746731602
PLFEKH_13860,0.459093837013756
PLFEKH_13880,0.462141846840509
PLFEKH_13895,0.511799366211131
PLFEKH_13910,0.442596183772654
PLFEKH_13930,0.511882222005837
PLFEKH_13935,0.539110775752933
PLFEKH_13960,0.496356286301271
PLFEKH_13965,0.501561024679903
PLFEKH_13970,0.440611651722763
PLFEKH_13975,0.340533639654018
PLFEKH_14025,0.458566173409923
PLFEKH_14045,0.417049524549525
PLFEKH_14135,0.591215483466441
PLFEKH_14145,0.457921591066259
PLFEKH_14215,0.472808837644478
PLFEKH_14235,0.528074515800661
PLFEKH_14335,0.45066647280684
PLFEKH_14390,0.493085020193912
PLFEKH_14415,0.464221378810009
PLFEKH_14425,0.418473545220926
PLFEKH_14430,0.272280521622627
PLFEKH_14440,0.722055582685098
PLFEKH_14450,0.42160043704924
PLFEKH_14470,0.480790972953973
PLFEKH_14475,0.382245798937292
PLFEKH_14480,0.557448225426157
PLFEKH_14485,0.551529341793409
PLFEKH_14500,0.400420567087234
PLFEKH_14570,0.478229077011493
PLFEKH_14575,0.587865722549444
PLFEKH_14585,0.564268861339674
PLFEKH_14605,0.389307920395847
PLFEKH_14610,0.590676581646873
PLFEKH_14615,0.596715049656226
PLFEKH_14620,0.495313788124246
PLFEKH_14625,0.435639605492547
PLFEKH_14635,0.432906830823497
PLFEKH_14650,0.431446821152703
PLFEKH_14655,0.37234412796007
PLFEKH_14660,0.504419777245531
PLFEKH_14675,0.762520684394185
PLFEKH_14690,0.458748427190494
PLFEKH_14695,0.507164653610732
PLFEKH_14705,0.517992257005815
PLFEKH_14715,0.744640507539058
PLFEKH_14740,0.423286666445234
PLFEKH_14770,0.587691618269104
PLFEKH_14775,0.459374901077939
PLFEKH_14795,0.545937627187627
PLFEKH_14800,0.38435767105583
PLFEKH_14805,0.421396746869648
PLFEKH_14825,0.49900197912356
PLFEKH_14845,0.44048380834565
PLFEKH_14860,0.426793851489869
PLFEKH_14875,0.597271379484068
PLFEKH_14885,0.485529782145848
PLFEKH_14890,0.484575390496443
PLFEKH_14900,0.440723918419997
PLFEKH_14905,0.453707811796047
PLFEKH_14920,0.553792775851599
PLFEKH_14955,0.51671897909643
PLFEKH_14980,0.507525970761265
PLFEKH_14990,0.468817454029872
PLFEKH_15035,0.425628075628076
PLFEKH_15045,0.391522166105499
PLFEKH_15060,0.484036934932076
PLFEKH_15080,0.592460205772899
PLFEKH_15105,0.485697082314274
PLFEKH_15110,0.423184748878999
PLFEKH_15115,0.418607043656774
PLFEKH_15120,0.570854481393697
PLFEKH_15135,0.492372442372442
PLFEKH_15140,0.607494548422014
PLFEKH_15165,0.538844148770619
PLFEKH_15170,0.325569183902517
PLFEKH_15185,0.4934527455629
PLFEKH_15210,0.674346141171401
PLFEKH_15225,0.485946535365313
PLFEKH_15230,0.444100417126733
PLFEKH_15275,0.528502225806147
PLFEKH_15280,0.477367252771786
PLFEKH_15295,0.520779638891094
PLFEKH_15305,0.546184207948914
PLFEKH_15315,0.493690267426929
PLFEKH_15320,0.482813372976573
PLFEKH_15330,0.488873907501359
PLFEKH_15390,0.498329311493249
PLFEKH_15405,0.477576415510525
PLFEKH_15410,0.511840743297142
PLFEKH_15415,0.493996565487794
PLFEKH_15455,0.473688271604938
PLFEKH_15490,0.404268128740635
PLFEKH_15495,0.612057618307618
PLFEKH_15500,0.616017109347863
PLFEKH_15505,0.532977450921207
PLFEKH_15510,0.535894284826398
PLFEKH_15515,0.559713297083539
PLFEKH_15520,0.506811520904658
PLFEKH_15540,0.398694438277772
PLFEKH_15590,0.571100540975108
PLFEKH_15625,0.64681622285938
PLFEKH_15630,0.534734931964542
PLFEKH_15655,0.69541588401017
PLFEKH_15665,0.64505080463558
PLFEKH_15670,0.622430367084477
PLFEKH_15680,0.38023088023088
PLFEKH_15685,0.586824568270217
PLFEKH_15705,0.616974096165273
PLFEKH_15745,0.462940685045948
PLFEKH_15760,0.429525749010124
PLFEKH_15770,0.369331700291453
PLFEKH_15820,0.496616054771903
PLFEKH_15825,0.512809820343561
PLFEKH_15835,0.445382274702896
PLFEKH_15850,0.492619109285776
PLFEKH_15870,0.614903590831056
PLFEKH_15880,0.363538748832866
PLFEKH_15910,0.617996546822125
PLFEKH_15915,0.649146957111759
PLFEKH_15925,0.62602990708865
PLFEKH_15935,0.513835719472974
PLFEKH_15940,0.562488129154796
PLFEKH_15945,0.50971620971621
PLFEKH_15955,0.571772041064566
PLFEKH_15995,0.461187269520603
PLFEKH_16000,0.577572608107635
PLFEKH_16005,0.670383612488876
PLFEKH_16020,0.554681972321179
PLFEKH_16100,0.666900408027147
PLFEKH_16110,0.40837508819965
PLFEKH_16115,0.394516594516594
PLFEKH_16145,0.460076799705283
PLFEKH_16150,0.583408264104046
PLFEKH_16170,0.537044745378079
PLFEKH_16255,0.47333715667049
PLFEKH_16280,0.627827287394281
PLFEKH_16300,0.478396122758868
PLFEKH_16315,0.447246036461723
PLFEKH_16325,0.544452334884971
PLFEKH_16340,0.475587221420555
PLFEKH_16345,0.496745178212326
PLFEKH_16350,0.456542458038846
PLFEKH_16385,0.478736669022535
PLFEKH_16430,0.490859576153694
PLFEKH_16450,0.469532948972476
PLFEKH_16745,0.473860537610538
PLFEKH_16840,0.512527958288192
PLFEKH_16870,0.462599517366991
PLFEKH_16875,0.47252886002886
PLFEKH_16885,0.476962081128748
PLFEKH_16985,0.42140664099032
PLFEKH_16995,0.521017467940843
PLFEKH_17000,0.389583808004861
PLFEKH_17005,0.412843345738083
PLFEKH_17015,0.683878789486386
PLFEKH_17030,0.465705053859653
PLFEKH_17055,0.560751430428163
PLFEKH_17095,0.369688944006542
PLFEKH_17120,0.487960419210419
PLFEKH_17125,0.456877812491348
PLFEKH_17135,0.412738581101751
PLFEKH_17150,0.377279349743118
PLFEKH_17160,0.486662257495591
PLFEKH_17175,0.626849446565266
PLFEKH_17185,0.60327749613285
PLFEKH_17195,0.582650250983584
PLFEKH_17200,0.515772807439474
PLFEKH_17205,0.739353101723344
PLFEKH_17220,0.435691150489783
PLFEKH_17225,0.57675467503823
PLFEKH_17230,0.661772862849836
PLFEKH_17250,0.51847621143425
PLFEKH_17270,0.581779563154648
PLFEKH_17285,0.489687944347745
PLFEKH_17300,0.48282688862399
PLFEKH_17330,0.668200153364513
PLFEKH_17345,0.619487209137643
PLFEKH_17355,0.512911222355349
PLFEKH_17370,0.448734537739377
PLFEKH_17380,0.547116104261961
PLFEKH_17385,0.409381306569888
PLFEKH_17395,0.447504043705024
PLFEKH_17400,0.433275786174123
PLFEKH_17405,0.36423676834861
PLFEKH_17465,0.414095318261985
PLFEKH_17485,0.484835273351673
PLFEKH_17500,0.473975780668864
PLFEKH_17505,0.46929990648922
PLFEKH_17545,0.537060064118888
PLFEKH_17610,0.624668284390507
PLFEKH_17685,0.57645749312416
PLFEKH_17715,0.461003974239268
PLFEKH_17765,0.496643942477276
PLFEKH_17780,0.549562800300986
PLFEKH_17825,0.392542226962517
PLFEKH_17830,0.230978897645564
PLFEKH_17835,0.497713708547639
PLFEKH_17920,0.484331409331409
PLFEKH_17925,0.676124647956204
PLFEKH_17965,0.37276610220122
PLFEKH_17975,0.467909853160085
PLFEKH_17980,0.505867237910582
PLFEKH_17985,0.567312440567602
PLFEKH_18010,0.52010110441483
PLFEKH_18020,0.510671467999839
PLFEKH_18025,0.37577986784401
PLFEKH_18030,0.424883241012273
PLFEKH_18040,0.307640480434598
PLFEKH_18045,0.430434343921186
PLFEKH_18080,0.564356939356939
PLFEKH_18085,0.45746078087367
PLFEKH_18090,0.635582010582011
PLFEKH_18105,0.414683789774369
PLFEKH_18110,0.676717305617561
PLFEKH_18115,0.375221910814108
PLFEKH_18120,0.522071601238268
PLFEKH_18125,0.419425672366849
PLFEKH_18155,0.507072088485739
PLFEKH_18180,0.535092516265323
PLFEKH_18185,0.44957459232915
PLFEKH_18195,0.479689908856576
PLFEKH_18205,0.51551868777746
PLFEKH_18210,0.608491783751783
PLFEKH_18275,0.400086577205954
PLFEKH_18290,0.49460269668603
PLFEKH_18305,0.579850430800894
PLFEKH_18310,0.4687260102433
PLFEKH_18320,0.542012462845796
PLFEKH_18325,0.452937730388711
PLFEKH_18335,0.639668171354335
PLFEKH_18340,0.43839789811152
PLFEKH_18345,0.666282768157768
PLFEKH_18350,0.727841024820824
PLFEKH_18355,0.680731139440458
PLFEKH_18370,0.606929721635604
PLFEKH_18375,0.384345189124601
PLFEKH_18405,0.513405317843724
PLFEKH_18450,0.659674618266799
PLFEKH_18460,0.57090056820449
PLFEKH_18475,0.421770430568605
PLFEKH_18480,0.415424689689396
PLFEKH_18490,0.521704768049797
PLFEKH_18495,0.500734154571874
PLFEKH_18500,0.495137079063208
PLFEKH_18505,0.488170532645507
PLFEKH_18510,0.620369635508524
PLFEKH_18515,0.583927218388003
PLFEKH_18520,0.547241152902385
PLFEKH_18545,0.458060186001362
PLFEKH_18565,0.372274793108126
PLFEKH_18575,0.577478421442952
PLFEKH_18620,0.496354830110947
PLFEKH_18645,0.569863402305241
PLFEKH_18650,0.683831308133311
PLFEKH_18675,0.627716943141778
PLFEKH_18695,0.430643738977072
PLFEKH_18700,0.539379310955254
PLFEKH_18705,0.604166469924984
PLFEKH_18715,0.562706891873558
PLFEKH_18725,0.527443544110211
PLFEKH_18755,0.440013227513228
PLFEKH_18775,0.601643320702918
PLFEKH_18805,0.683840088684881
PLFEKH_18810,0.571211042044375
PLFEKH_18825,0.526851851851852
PLFEKH_18845,0.657506544628838
PLFEKH_18850,0.473927384344051
PLFEKH_18875,0.380078256630544
PLFEKH_18900,0.574413860610971
PLFEKH_18910,0.682278217432593
PLFEKH_18935,0.636378061577023
PLFEKH_18955,0.460303150009032
PLFEKH_18960,0.486179058461667
PLFEKH_18965,0.488279732237496
PLFEKH_18985,0.385550320644902
PLFEKH_19025,0.407546628814955
PLFEKH_19045,0.510258223745066
PLFEKH_19050,0.506934218240354
PLFEKH_19055,0.460175957847526
PLFEKH_19065,0.549968876439465
PLFEKH_19085,0.60741106288702
PLFEKH_19095,0.495626492821046
PLFEKH_19100,0.445610281149497
PLFEKH_19130,0.43474025974026
PLFEKH_19145,0.657980020324058
PLFEKH_19165,0.53692285216408
PLFEKH_19190,0.397707231040564
PLFEKH_19230,0.519877386816676
PLFEKH_19235,0.413325871659205
PLFEKH_19255,0.658390443256198
PLFEKH_19265,0.603897933789238
PLFEKH_19390,0.537614494441344
PLFEKH_19430,0.755488659679163
PLFEKH_19765,0.591451479003639
PLFEKH_19775,0.568331746006512
PLFEKH_19790,0.695415177235201
PLFEKH_19840,0.582105802694038
PLFEKH_19865,0.477323443425319
PLFEKH_19875,0.431250830736218
PLFEKH_19880,0.615137910166449
PLFEKH_19895,0.501297679565653
PLFEKH_19910,0.570058480531207
PLFEKH_19915,0.62317887077949
PLFEKH_19965,0.507266086361426
PLFEKH_19975,0.420125626007979
PLFEKH_19990,0.578165932595626
PLFEKH_20010,0.546443833943834
PLFEKH_20045,0.52676075797406
PLFEKH_20125,0.601381874298541
PLFEKH_20150,0.394685080296096
PLFEKH_20190,0.566467641381275
PLFEKH_20200,0.671916921745138
PLFEKH_20210,0.598539698400043
PLFEKH_20215,0.560113315628704
PLFEKH_20220,0.479469925064891
PLFEKH_20230,0.40078966931659
PLFEKH_20235,0.48073541158658
PLFEKH_20240,0.45254171521334
PLFEKH_20250,0.381503570905745
PLFEKH_20255,0.427663857088522
PLFEKH_20280,0.5706135807013
PLFEKH_20285,0.599971746662923
PLFEKH_20305,0.461235821563208
PLFEKH_20310,0.430858557036093
PLFEKH_20320,0.647507816257816
PLFEKH_20365,0.535652729272274
PLFEKH_20370,0.435263347763348
PLFEKH_20380,0.792846071722491
PLFEKH_20390,0.397645581582069
PLFEKH_20400,0.65777664570358
PLFEKH_20420,0.457232451924273
PLFEKH_20445,0.65216049382716
PLFEKH_20480,0.460859810124516
PLFEKH_20490,0.555291433733463
PLFEKH_20495,0.644623114544404
PLFEKH_20515,0.468305228721895
PLFEKH_20520,0.574751603582645
PLFEKH_20545,0.448255999055793
PLFEKH_20560,0.501131100598576
PLFEKH_20785,0.561070660450217
PLFEKH_20820,0.577505272909685
PLFEKH_20830,0.573592033037969
PLFEKH_20845,0.603889112345663
PLFEKH_20855,0.479899673808212
PLFEKH_20895,0.555718084606783
PLFEKH_20925,0.479513269954446
PLFEKH_20930,0.51399394973418
PLFEKH_20935,0.454046861407655
PLFEKH_20945,0.437570549457804
PLFEKH_20970,0.449594929084968
PLFEKH_20985,0.528896872847889
PLFEKH_21030,0.515958831734647
PLFEKH_21050,0.531678674826764
PLFEKH_21100,0.659831922495321
PLFEKH_21105,0.537580002102313
PLFEKH_21120,0.572995831329165
PLFEKH_21125,0.43801146797259
PLFEKH_21145,0.525230133357068
PLFEKH_21155,0.602083510171745
PLFEKH_21160,0.490827373711902
PLFEKH_21165,0.39559969351636
PLFEKH_21205,0.626700990746174
PLFEKH_21210,0.602616721040634
PLFEKH_21220,0.446991468098735
PLFEKH_21255,0.551304339747322
PLFEKH_21260,0.557325236491903
PLFEKH_21270,0.499277307046784
PLFEKH_21295,0.467648505271054
PLFEKH_21310,0.673531383572093
PLFEKH_21315,0.641649691501167
PLFEKH_21380,0.412404316816082
PLFEKH_21390,0.383038436547208
PLFEKH_21420,0.388009693646949
PLFEKH_21430,0.520427850252412
PLFEKH_21445,0.484642055475389
PLFEKH_21460,0.59705565455629
PLFEKH_21470,0.53771692162645
PLFEKH_21520,0.504354152288935
PLFEKH_21550,0.621505929823359
PLFEKH_21555,0.496275946275946
PLFEKH_21560,0.580711978582633
PLFEKH_21565,0.486978457811791
PLFEKH_21590,0.512648285168467
PLFEKH_21595,0.446172037838705
PLFEKH_21615,0.463656758999896
PLFEKH_21635,0.569946939407724
PLFEKH_21645,0.465253437557359
PLFEKH_21670,0.786997061580395
PLFEKH_21675,0.39129188712522
PLFEKH_21680,0.526043362382372
PLFEKH_21690,0.715877464755174
PLFEKH_21705,0.453538632438888
PLFEKH_21710,0.518854556824001
PLFEKH_21735,0.506882104250525
PLFEKH_21740,0.362075116241783
PLFEKH_21750,0.460677823320844
PLFEKH_21825,0.567526917526918
PLFEKH_21835,0.53815270478314
PLFEKH_21945,0.713674090776509
PLFEKH_21965,0.466054157550321
PLFEKH_21980,0.527158824585856
PLFEKH_22010,0.473522034841324
PLFEKH_22020,0.401743358627417
PLFEKH_22035,0.43306244356683
PLFEKH_22100,0.624563248270735
PLFEKH_22105,0.60791520067246
PLFEKH_22140,0.406295093795094
PLFEKH_22160,0.440609845691647
PLFEKH_22180,0.480521981863684
PLFEKH_22185,0.585164200360279
PLFEKH_22190,0.470328822412156
PLFEKH_22195,0.557590725572957
PLFEKH_22200,0.440213960827996
PLFEKH_22205,0.515744549568079
PLFEKH_22215,0.411027630493575
PLFEKH_22230,0.503699239206915
PLFEKH_22235,0.560673721703133
PLFEKH_22270,0.587867549488656
PLFEKH_22275,0.52203691370358
PLFEKH_22290,0.435648393001334
PLFEKH_22305,0.521816343289556
PLFEKH_22315,0.339229751729752
PLFEKH_22325,0.519927013405274
PLFEKH_22370,0.543037070325023
PLFEKH_22380,0.586670318883831
PLFEKH_22385,0.471723209615366
PLFEKH_22395,0.591826862221599
PLFEKH_22415,0.516785458550164
PLFEKH_22420,0.494108929235348
PLFEKH_22425,0.421038587517826
PLFEKH_22430,0.472942133430639
PLFEKH_22440,0.634849382742832
PLFEKH_22450,0.474147904520712
PLFEKH_22455,0.444257081925715
PLFEKH_22460,0.445259824092283
PLFEKH_22475,0.707110486704937
PLFEKH_22480,0.546069825236492
PLFEKH_22485,0.602521573681704
PLFEKH_22490,0.669104120793166
PLFEKH_22495,0.512728475228475
PLFEKH_22535,0.347911502078169
PLFEKH_22580,0.38212046566447
PLFEKH_22615,0.431439586950434
PLFEKH_22620,0.43068325112542
PLFEKH_22625,0.41293890482487
PLFEKH_22630,0.53575085093403
PLFEKH_22645,0.523556185320694
PLFEKH_22680,0.679471664490142
PLFEKH_22685,0.676745386059112
PLFEKH_22690,0.673534905428498
PLFEKH_22705,0.568090339981465
PLFEKH_22710,0.592250191385928
PLFEKH_22810,0.440711294877962
PLFEKH_22850,0.577299960388196
PLFEKH_22855,0.662790035799349
